epoch,loss,mae_loss,step,val_loss,val_mae_loss,val_w_mass_mmd0_loss,val_w_mass_mmd1_loss,w_mass_mmd0_loss,w_mass_mmd1_loss
0,,,9260,37.748661041259766,17.136728286743164,1.0218801498413086,1.0393120050430298,,
0,54.75703048706055,17.177810668945312,9260,,,,,1.8455538749694824,1.912370204925537
1,,,18521,33.324161529541016,18.114688873291016,0.7614937424659729,0.7594522833824158,,
1,26.211458206176758,18.290206909179688,18521,,,,,0.39618051052093506,0.3959464430809021
2,,,27782,27.053268432617188,17.106929779052734,0.5003692507743835,0.49426108598709106,,
2,21.031938552856445,17.8642578125,27782,,,,,0.1579638570547104,0.15879961848258972
3,,,37043,26.412986755371094,16.22634506225586,0.517765998840332,0.5009006857872009,,
3,19.215076446533203,17.164718627929688,37043,,,,,0.10225742310285568,0.10278019309043884
4,,,46304,24.823617935180664,16.1251163482666,0.44123968482017517,0.4286104440689087,,
4,17.90096092224121,16.445499420166016,46304,,,,,0.0723142996430397,0.07323488593101501
5,,,55565,22.550390243530273,15.687531471252441,0.3459160625934601,0.34037020802497864,,
5,17.364097595214844,16.160856246948242,55565,,,,,0.05916789919137955,0.06116243451833725
6,,,64826,20.00501823425293,15.531793594360352,0.21468645334243774,0.23263591527938843,,
6,17.093069076538086,16.001527786254883,64826,,,,,0.05360167846083641,0.05555315315723419
7,,,74087,19.884620666503906,15.556519508361816,0.207605242729187,0.22520561516284943,,
7,16.91840362548828,15.920877456665039,74087,,,,,0.049320727586746216,0.05043548718094826
8,,,83348,19.259836196899414,15.376765251159668,0.1825990527868271,0.20570573210716248,,
8,16.780805587768555,15.792387962341309,83348,,,,,0.04860791191458702,0.05023375526070595
9,,,92609,18.483722686767578,15.314016342163086,0.1487097293138504,0.16826213896274567,,
9,16.701204299926758,15.731921195983887,92609,,,,,0.04785006493330002,0.04907923936843872
10,,,101870,18.669694900512695,15.017265319824219,0.17734605073928833,0.18789683282375336,,
10,16.551712036132812,15.59607219696045,101870,,,,,0.04745868965983391,0.0481034480035305
11,,,111131,18.570323944091797,15.061114311218262,0.1681993305683136,0.18272189795970917,,
11,16.484100341796875,15.513176918029785,111131,,,,,0.04847941920161247,0.04860962927341461
12,,,120392,18.90827751159668,15.120404243469238,0.18174907565116882,0.19703951478004456,,
12,16.444313049316406,15.46656322479248,120392,,,,,0.0488126203417778,0.0489615872502327
13,,,129653,18.47760009765625,14.97107982635498,0.16687138378620148,0.1837812066078186,,
13,16.36808204650879,15.385577201843262,129653,,,,,0.048638537526130676,0.04960954561829567
14,,,138914,18.325014114379883,14.97716999053955,0.14921091496944427,0.18557341396808624,,
14,16.297334671020508,15.339238166809082,138914,,,,,0.04673688858747482,0.049076665192842484
15,,,148175,18.275634765625,14.853731155395508,0.17812879383563995,0.16406187415122986,,
15,16.246667861938477,15.283805847167969,148175,,,,,0.04607907310128212,0.05020780861377716
16,,,157436,18.60453224182129,14.720696449279785,0.192558154463768,0.19582630693912506,,
16,16.184720993041992,15.216079711914062,157436,,,,,0.04514027386903763,0.05171964690089226
17,,,166697,18.64569091796875,14.749155044555664,0.1998721957206726,0.18978123366832733,,
17,16.140830993652344,15.184259414672852,166697,,,,,0.0439915768802166,0.05166437104344368
18,,,175958,17.802902221679688,14.658062934875488,0.15818457305431366,0.15629945695400238,,
18,16.07895851135254,15.11555290222168,175958,,,,,0.04358913376927376,0.05274646729230881
19,,,185219,17.790224075317383,14.760224342346191,0.1398630142211914,0.16313612461090088,,
19,16.04287338256836,15.07795524597168,185219,,,,,0.042893584817647934,0.05359695106744766
20,,,194480,17.220800399780273,14.461005210876465,0.14028412103652954,0.13569584488868713,,
20,15.966102600097656,14.989907264709473,194480,,,,,0.04259531944990158,0.05502304434776306
21,,,203741,17.937040328979492,14.413573265075684,0.18722286820411682,0.1651225984096527,,
21,15.90892505645752,14.924256324768066,203741,,,,,0.04241209104657173,0.056053902953863144
22,,,213002,17.248611450195312,14.041906356811523,0.15874114632606506,0.16192911565303802,,
22,15.750699043273926,14.745497703552246,213002,,,,,0.04247812181711197,0.058039095252752304
23,,,222263,17.51503562927246,13.990591049194336,0.14999420940876007,0.2024497091770172,,
23,15.50577163696289,14.469616889953613,222263,,,,,0.04320716857910156,0.06040738523006439
24,,,231524,16.004560470581055,13.502524375915527,0.1216072142124176,0.12859660387039185,,
24,15.224349975585938,14.186661720275879,231524,,,,,0.04472721740603447,0.05904225632548332
25,,,240785,15.745046615600586,13.44741439819336,0.12305623292922974,0.10670522600412369,,
25,14.918120384216309,13.912243843078613,240785,,,,,0.04658821225166321,0.054003700613975525
26,,,250046,15.099324226379395,13.288454055786133,0.09158766269683838,0.08950074762105942,,
26,14.675119400024414,13.690326690673828,250046,,,,,0.04811112582683563,0.05036987364292145
27,,,259307,15.287388801574707,13.180553436279297,0.11002878099679947,0.1006552129983902,,
27,14.476770401000977,13.502201080322266,259307,,,,,0.04976272210478783,0.04769846051931381
28,,,268568,15.08907413482666,12.968123435974121,0.11354824900627136,0.09854704141616821,,
28,14.322783470153809,13.350715637207031,268568,,,,,0.04975583404302597,0.04744677245616913
29,,,277829,14.784311294555664,12.741113662719727,0.11021654307842255,0.09410234540700912,,
29,14.218644142150879,13.238485336303711,277829,,,,,0.04995236545801163,0.04806002229452133
30,,,287090,14.719709396362305,12.691726684570312,0.09615299105644226,0.10664421319961548,,
30,14.144266128540039,13.186476707458496,287090,,,,,0.04866034910082817,0.04712182655930519
31,,,296351,14.624765396118164,12.7188720703125,0.09702090173959732,0.0935683324933052,,
31,14.027270317077637,13.063949584960938,296351,,,,,0.048436496406793594,0.04789156839251518
32,,,305612,14.314908027648926,12.608823776245117,0.08395546674728394,0.08665165305137634,,
32,13.988832473754883,13.03243637084961,305612,,,,,0.048303280025720596,0.0473347045481205
33,,,314873,14.508695602416992,12.4567232131958,0.11561339348554611,0.08958322554826736,,
33,13.950244903564453,12.988105773925781,314873,,,,,0.04877692833542824,0.04743918031454086
34,,,324134,14.41192626953125,12.393579483032227,0.10529439896345139,0.0965396985411644,,
34,13.837626457214355,12.872110366821289,324134,,,,,0.04842987284064293,0.048120688647031784
35,,,333395,14.212430953979492,12.362631797790527,0.10243112593889236,0.08254877477884293,,
35,13.775529861450195,12.82662296295166,333395,,,,,0.04792562499642372,0.046964794397354126
36,,,342656,14.321588516235352,12.442696571350098,0.10536283254623413,0.08252597600221634,,
36,13.770276069641113,12.828024864196777,342656,,,,,0.048117153346538544,0.046113207936286926
37,,,351917,13.796900749206543,12.254570007324219,0.08364084362983704,0.0705924928188324,,
37,13.65717887878418,12.709758758544922,351917,,,,,0.048649705946445465,0.046090561896562576
38,,,361178,14.060504913330078,12.213850975036621,0.08818050473928452,0.09648542106151581,,
38,13.55948543548584,12.635032653808594,361178,,,,,0.047704972326755524,0.044741880148649216
39,,,370439,13.756582260131836,12.140740394592285,0.09287461638450623,0.06871028244495392,,
39,13.479074478149414,12.54161262512207,370439,,,,,0.04875059798359871,0.04499703645706177
40,,,379700,13.748283386230469,12.029671669006348,0.0822606086730957,0.08960146456956863,,
40,13.42676830291748,12.492051124572754,379700,,,,,0.04910868778824806,0.044360946863889694
41,,,388961,13.644124984741211,11.998934745788574,0.08616373687982559,0.07835470885038376,,
41,13.341504096984863,12.411559104919434,388961,,,,,0.047930557280778885,0.04506566748023033
42,,,398222,13.384501457214355,11.961069107055664,0.08466140925884247,0.05768045037984848,,
42,13.251407623291016,12.329744338989258,398222,,,,,0.047235775738954544,0.044929999858140945
43,,,407483,13.285773277282715,11.924760818481445,0.0735195204615593,0.06258197128772736,,
43,13.147951126098633,12.21268367767334,407483,,,,,0.04736456274986267,0.046164486557245255
44,,,416744,13.162918090820312,11.76708984375,0.07430477440357208,0.06527919322252274,,
44,13.026118278503418,12.097028732299805,416744,,,,,0.046532925218343735,0.046374592930078506
45,,,426005,12.99560260772705,11.736762046813965,0.06678935885429382,0.05909464508295059,,
45,12.927606582641602,11.999039649963379,426005,,,,,0.04618152603507042,0.04667741432785988
46,,,435266,12.843113899230957,11.692092895507812,0.05824964493513107,0.05685209855437279,,
46,12.868378639221191,11.951727867126465,435266,,,,,0.045453958213329315,0.046211909502744675
47,,,444527,12.761775016784668,11.588356018066406,0.06476189196109772,0.05257946997880936,,
47,12.804398536682129,11.898784637451172,444527,,,,,0.044994063675403595,0.04556804895401001
48,,,453788,12.828648567199707,11.56820297241211,0.059671491384506226,0.06637471169233322,,
48,12.75595474243164,11.850347518920898,453788,,,,,0.045226264744997025,0.04533177986741066
49,,,463049,12.915656089782715,11.577170372009277,0.06024991348385811,0.07359934598207474,,
49,12.72320556640625,11.825427055358887,463049,,,,,0.04482566565275192,0.04495682194828987
50,,,472310,12.610395431518555,11.511253356933594,0.06027985364198685,0.04963395744562149,,
50,12.675056457519531,11.779685020446777,472310,,,,,0.044684432446956635,0.04485642910003662
51,,,481571,12.61369800567627,11.483352661132812,0.05805356800556183,0.054982252418994904,,
51,12.628768920898438,11.747069358825684,481571,,,,,0.044286131858825684,0.04388268291950226
52,,,490832,12.526959419250488,11.485785484313965,0.051426611840724945,0.05269011855125427,,
52,12.599178314208984,11.727653503417969,490832,,,,,0.04402926191687584,0.04312744364142418
53,,,500093,12.579540252685547,11.445059776306152,0.054486095905303955,0.05896309018135071,,
53,12.548541069030762,11.68138599395752,500093,,,,,0.04387864097952843,0.04283863306045532
54,,,509354,12.464239120483398,11.414390563964844,0.04861687123775482,0.05636804178357124,,
54,12.50954818725586,11.646924018859863,509354,,,,,0.04344824701547623,0.042813271284103394
55,,,518615,12.432374954223633,11.380595207214355,0.06080755963921547,0.044370681047439575,,
55,12.476534843444824,11.613698959350586,518615,,,,,0.04337289556860924,0.04291108623147011
56,,,527876,12.282586097717285,11.316130638122559,0.052262082695961,0.04438358545303345,,
56,12.429516792297363,11.574670791625977,527876,,,,,0.04325832426548004,0.04222463071346283
57,,,537137,12.298412322998047,11.301841735839844,0.04886767268180847,0.050787705928087234,,
57,12.382752418518066,11.531664848327637,537137,,,,,0.042928025126457214,0.0421798899769783
58,,,546398,12.246660232543945,11.2760591506958,0.05246551334857941,0.0445946604013443,,
58,12.354804039001465,11.508865356445312,546398,,,,,0.04260627552866936,0.04198865219950676
59,,,555659,12.18797492980957,11.247934341430664,0.05090387538075447,0.04310024902224541,,
59,12.325535774230957,11.476534843444824,555659,,,,,0.042795293033123016,0.042104244232177734
60,,,564920,12.151284217834473,11.197781562805176,0.04769972711801529,0.04765112325549126,,
60,12.285314559936523,11.441747665405273,564920,,,,,0.0424981415271759,0.041858330368995667
61,,,574181,12.112746238708496,11.127796173095703,0.05339156836271286,0.045103028416633606,,
61,12.25688648223877,11.411784172058105,574181,,,,,0.04274328798055649,0.04176797345280647
62,,,583442,12.102100372314453,11.135721206665039,0.0536482147872448,0.04298880696296692,,
62,12.229475975036621,11.388104438781738,583442,,,,,0.04215838015079498,0.041978802531957626
63,,,592703,12.079586029052734,11.140925407409668,0.04578982666134834,0.04807629808783531,,
63,12.199955940246582,11.3561429977417,592703,,,,,0.042376838624477386,0.042005859315395355
64,,,601964,12.024942398071289,11.096793174743652,0.0492798388004303,0.043534815311431885,,
64,12.171220779418945,11.335433959960938,601964,,,,,0.041880618780851364,0.04169692099094391
65,,,611225,11.991205215454102,11.095061302185059,0.04563017934560776,0.043982990086078644,,
65,12.14905071258545,11.311046600341797,611225,,,,,0.04210975766181946,0.04169182851910591
66,,,620486,11.962889671325684,11.063639640808105,0.045723166316747665,0.044203244149684906,,
66,12.124259948730469,11.290407180786133,620486,,,,,0.04184267669916153,0.041540857404470444
67,,,629747,11.914413452148438,10.990408897399902,0.047733113169670105,0.04466812685132027,,
67,12.1005859375,11.264059066772461,629747,,,,,0.042126674205064774,0.041520994156599045
68,,,639008,11.903456687927246,11.002494812011719,0.048134561628103256,0.04196115955710411,,
68,12.07539176940918,11.240814208984375,639008,,,,,0.0421573668718338,0.0413014180958271
69,,,648269,11.869675636291504,10.971567153930664,0.04541059210896492,0.04440130665898323,,
69,12.048749923706055,11.215928077697754,648269,,,,,0.041857242584228516,0.04142601042985916
70,,,657530,11.832557678222656,10.933465957641602,0.04813227429986,0.041776105761528015,,
70,12.02283763885498,11.18924331665039,657530,,,,,0.041898686438798904,0.04146154224872589
71,,,666791,11.829041481018066,10.913954734802246,0.045849744230508804,0.04565974697470665,,
71,11.993453025817871,11.154731750488281,666791,,,,,0.04201735928654671,0.04185109958052635
72,,,676052,11.788806915283203,10.88394832611084,0.04801809787750244,0.0424676351249218,,
72,11.9660005569458,11.133740425109863,676052,,,,,0.0417679063975811,0.04145704209804535
73,,,685313,11.728515625,10.854507446289062,0.044375158846378326,0.04302579164505005,,
73,11.93109130859375,11.099759101867676,685313,,,,,0.04195941984653473,0.04117501527070999
74,,,694574,11.73350715637207,10.819745063781738,0.0488319993019104,0.04254385456442833,,
74,11.90516471862793,11.071468353271484,694574,,,,,0.04217972233891487,0.041184037923812866
75,,,703835,11.723772048950195,10.795358657836914,0.04965314269065857,0.04318799823522568,,
75,11.861845016479492,11.031160354614258,703835,,,,,0.04193165525794029,0.04113544151186943
76,,,713096,11.637048721313477,10.748323440551758,0.04785916581749916,0.041011955589056015,,
76,11.826805114746094,10.996065139770508,713096,,,,,0.04190985858440399,0.041166260838508606
77,,,722357,11.556726455688477,10.687039375305176,0.045526113361120224,0.041442666202783585,,
77,11.778740882873535,10.950813293457031,722357,,,,,0.041954174637794495,0.04083659127354622
78,,,731618,11.56019401550293,10.681646347045898,0.043833374977111816,0.04402335360646248,,
78,11.719895362854004,10.895666122436523,731618,,,,,0.04189207777380943,0.04053106904029846
79,,,740879,11.475574493408203,10.601426124572754,0.043967828154563904,0.04344691336154938,,
79,11.670689582824707,10.84406852722168,740879,,,,,0.04196033626794815,0.04070096090435982
80,,,750140,11.423763275146484,10.580401420593262,0.04513361304998398,0.03920208662748337,,
80,11.625104904174805,10.801487922668457,750140,,,,,0.04208268225193024,0.0402822270989418
81,,,759401,11.388818740844727,10.496180534362793,0.04643641412258148,0.04282914847135544,,
81,11.570991516113281,10.751442909240723,759401,,,,,0.04203878715634346,0.03992106765508652
82,,,768662,11.278231620788574,10.438624382019043,0.042151015251874924,0.04180969297885895,,
82,11.529500961303711,10.711421966552734,768662,,,,,0.04162522032856941,0.04018677398562431
83,,,777923,11.258599281311035,10.42420482635498,0.040972594171762466,0.04246630147099495,,
83,11.461957931518555,10.646814346313477,777923,,,,,0.04149797931313515,0.04001655802130699
84,,,787184,11.179616928100586,10.342536926269531,0.04370198771357536,0.0400063693523407,,
84,11.403512001037598,10.587785720825195,787184,,,,,0.04152705892920494,0.040042418986558914
85,,,796445,11.106956481933594,10.270590782165527,0.04231404513120651,0.04132355749607086,,
85,11.331991195678711,10.524216651916504,796445,,,,,0.04116899520158768,0.03960410878062248
86,,,805706,11.030275344848633,10.193428039550781,0.04474848508834839,0.03893498331308365,,
86,11.2587890625,10.447518348693848,805706,,,,,0.04100917652249336,0.04011732339859009
87,,,814967,10.870198249816895,10.073563575744629,0.03978291526436806,0.03988030552864075,,
87,11.177033424377441,10.368504524230957,814967,,,,,0.040908683091402054,0.039945781230926514
88,,,824228,10.870057106018066,10.066757202148438,0.04020228236913681,0.04012852907180786,,
88,11.102753639221191,10.302225112915039,824228,,,,,0.04029804840683937,0.03975372388958931
89,,,833489,10.793586730957031,9.960039138793945,0.042013175785541534,0.04134298861026764,,
89,11.046363830566406,10.247457504272461,833489,,,,,0.04003359004855156,0.03985780477523804
90,,,842750,10.757166862487793,9.930486679077148,0.043471559882164,0.03919682651758194,,
90,10.994619369506836,10.19972038269043,842750,,,,,0.03974411264061928,0.03974735364317894
91,,,852011,10.713720321655273,9.855595588684082,0.04509406164288521,0.04071914777159691,,
91,10.941389083862305,10.151611328125,852011,,,,,0.039486292749643326,0.039493169635534286
92,,,861272,10.681497573852539,9.848413467407227,0.04054562374949455,0.04276256635785103,,
92,10.903624534606934,10.113764762878418,861272,,,,,0.03958006948232651,0.039408426731824875
93,,,870533,10.583687782287598,9.81126880645752,0.03871072456240654,0.038532014936208725,,
93,10.879608154296875,10.09238052368164,870533,,,,,0.03924722597002983,0.039475735276937485
94,,,879794,10.595874786376953,9.789811134338379,0.04012173414230347,0.040484387427568436,,
94,10.839628219604492,10.052850723266602,879794,,,,,0.03929983079433441,0.03938005492091179
95,,,889055,10.587662696838379,9.79786205291748,0.04044731706380844,0.03853145241737366,,
95,10.820002555847168,10.038373947143555,889055,,,,,0.03883521258831024,0.03932842239737511
96,,,898316,10.548460006713867,9.739763259887695,0.042531631886959076,0.038337238132953644,,
96,10.788492202758789,10.009876251220703,898316,,,,,0.03889598697423935,0.038965437561273575
97,,,907577,10.522562026977539,9.72475814819336,0.04190082103013992,0.03787954896688461,,
97,10.769058227539062,9.990922927856445,907577,,,,,0.03876006603240967,0.039054207503795624
98,,,916838,10.550289154052734,9.733396530151367,0.04271365702152252,0.03897665813565254,,
98,10.75185489654541,9.972463607788086,916838,,,,,0.03887062892317772,0.039069220423698425
99,,,926099,10.494240760803223,9.699812889099121,0.04064878448843956,0.038792382925748825,,
99,10.729206085205078,9.952311515808105,926099,,,,,0.038800012320280075,0.03888655826449394
100,,,935360,10.515130043029785,9.69655990600586,0.04251493513584137,0.03934004530310631,,
100,10.71576976776123,9.937885284423828,935360,,,,,0.038744084537029266,0.0390467531979084
101,,,944621,10.45408821105957,9.642657279968262,0.04138936474919319,0.039753321558237076,,
101,10.698710441589355,9.919241905212402,944621,,,,,0.03881072625517845,0.03913285955786705
102,,,953882,10.452018737792969,9.660402297973633,0.039904896169900894,0.039257705211639404,,
102,10.686968803405762,9.914657592773438,953882,,,,,0.03861786797642708,0.03861019387841225
103,,,963143,10.474422454833984,9.68697738647461,0.03864018991589546,0.04010401666164398,,
103,10.672414779663086,9.897994041442871,963143,,,,,0.038637518882751465,0.03880365937948227
104,,,972404,10.44601058959961,9.642844200134277,0.04000834375619888,0.04030860960483551,,
104,10.657108306884766,9.883931159973145,972404,,,,,0.03856314346194267,0.03875184804201126
105,,,981665,10.396025657653809,9.616921424865723,0.03947273641824722,0.03843732923269272,,
105,10.643571853637695,9.873523712158203,981665,,,,,0.03820263221859932,0.038802362978458405
106,,,990926,10.40573787689209,9.604619026184082,0.04085300862789154,0.039260223507881165,,
106,10.629493713378906,9.860651016235352,990926,,,,,0.03845986723899841,0.03842777758836746
107,,,1000187,10.406474113464355,9.606534004211426,0.038835182785987854,0.04115768149495125,,
107,10.61669921875,9.844937324523926,1000187,,,,,0.0383676141500473,0.038809143006801605
108,,,1009448,10.390325546264648,9.58325481414795,0.0390247218310833,0.041681937873363495,,
108,10.612874984741211,9.84267807006836,1009448,,,,,0.03860339894890785,0.03841853514313698
109,,,1018709,10.377252578735352,9.55517292022705,0.04064464196562767,0.041562408208847046,,
109,10.595575332641602,9.825336456298828,1018709,,,,,0.03838491812348366,0.03863617777824402
110,,,1027970,10.369149208068848,9.558440208435059,0.041072502732276917,0.03999852016568184,,
110,10.587020874023438,9.816514015197754,1027970,,,,,0.03835509717464447,0.03869468718767166
111,,,1037231,10.363117218017578,9.582447052001953,0.04014427959918976,0.037922799587249756,,
111,10.57617473602295,9.806883811950684,1037231,,,,,0.038300301879644394,0.03862982615828514
112,,,1046492,10.366242408752441,9.560713768005371,0.04189353063702583,0.03865926340222359,,
112,10.569064140319824,9.801138877868652,1046492,,,,,0.038259897381067276,0.038531672209501266
113,,,1055753,10.396477699279785,9.575674057006836,0.041046008467674255,0.04103296250104904,,
113,10.554390907287598,9.790485382080078,1055753,,,,,0.03803002089262009,0.03836432471871376
114,,,1065014,10.354008674621582,9.551898956298828,0.038963209837675095,0.04124852269887924,,
114,10.548497200012207,9.779160499572754,1065014,,,,,0.03818635269999504,0.03874761983752251
115,,,1074275,10.341970443725586,9.55169677734375,0.03987790644168854,0.03914939984679222,,
115,10.537063598632812,9.769598007202148,1074275,,,,,0.03821459412574768,0.03852812200784683
116,,,1083536,10.314022064208984,9.509315490722656,0.040080755949020386,0.040390681475400925,,
116,10.53117847442627,9.762531280517578,1083536,,,,,0.03811683878302574,0.03874640166759491
117,,,1092797,10.351778030395508,9.565201759338379,0.041013203561306,0.03764449805021286,,
117,10.516707420349121,9.752861022949219,1092797,,,,,0.038018468767404556,0.03836751729249954
118,,,1102058,10.295970916748047,9.502327919006348,0.04075035825371742,0.03861338645219803,,
118,10.509933471679688,9.747562408447266,1102058,,,,,0.037992071360349655,0.03824877738952637
119,,,1111319,10.297566413879395,9.52171516418457,0.03940481320023537,0.03817976638674736,,
119,10.497138023376465,9.737715721130371,1111319,,,,,0.0378461591899395,0.038092851638793945
120,,,1120580,10.277946472167969,9.487394332885742,0.03964412212371826,0.039411287754774094,,
120,10.499093055725098,9.736007690429688,1120580,,,,,0.03817252442240715,0.03813774138689041
121,,,1129841,10.287679672241211,9.49769401550293,0.04040230065584183,0.03859587013721466,,
121,10.491199493408203,9.728533744812012,1129841,,,,,0.0377839170396328,0.03848191350698471
122,,,1139102,10.298828125,9.49993896484375,0.03942909464240074,0.04046088084578514,,
122,10.482206344604492,9.718109130859375,1139102,,,,,0.03810281679034233,0.038306303322315216
123,,,1148363,10.262516975402832,9.476509094238281,0.0396297350525856,0.03897091746330261,,
123,10.473577499389648,9.712538719177246,1148363,,,,,0.037945035845041275,0.03815445676445961
124,,,1157624,10.270423889160156,9.501370429992676,0.038230352103710175,0.03867589309811592,,
124,10.467985153198242,9.709680557250977,1157624,,,,,0.03777993097901344,0.03804939612746239
125,,,1166885,10.229662895202637,9.448993682861328,0.03802604228258133,0.040039245039224625,,
125,10.463817596435547,9.703557014465332,1166885,,,,,0.03794996812939644,0.038078390061855316
126,,,1176146,10.240473747253418,9.470647811889648,0.03937672823667526,0.037607304751873016,,
126,10.457562446594238,9.698278427124023,1176146,,,,,0.03772332891821861,0.03820319473743439
127,,,1185407,10.26296615600586,9.473570823669434,0.03924846276640892,0.039691559970378876,,
127,10.452876091003418,9.694997787475586,1185407,,,,,0.03768070787191391,0.03810177743434906
128,,,1194668,10.243614196777344,9.450041770935059,0.040728598833084106,0.03862859308719635,,
128,10.443033218383789,9.685018539428711,1194668,,,,,0.037731241434812546,0.03807336091995239
129,,,1203929,10.253000259399414,9.47104549407959,0.03838448226451874,0.0398111417889595,,
129,10.436654090881348,9.675312995910645,1203929,,,,,0.03807730972766876,0.03805910795927048
130,,,1213190,10.230901718139648,9.450884819030762,0.03958975896239281,0.03841284289956093,,
130,10.432823181152344,9.675145149230957,1213190,,,,,0.037584338337183,0.03818240389227867
131,,,1222451,10.238160133361816,9.444710731506348,0.04192196950316429,0.03742419555783272,,
131,10.432229995727539,9.672577857971191,1222451,,,,,0.037755053490400314,0.038211219012737274
132,,,1231712,10.217362403869629,9.423638343811035,0.040375564247369766,0.03899562358856201,,
132,10.422682762145996,9.664388656616211,1231712,,,,,0.037807632237672806,0.03802304342389107
133,,,1240973,10.221714973449707,9.444475173950195,0.038324519991874695,0.03939893841743469,,
133,10.419951438903809,9.66082763671875,1240973,,,,,0.03760508447885513,0.03831221163272858
134,,,1250234,10.213815689086914,9.426536560058594,0.0403660424053669,0.03836258500814438,,
134,10.41067123413086,9.654854774475098,1250234,,,,,0.037652820348739624,0.037927091121673584
135,,,1259495,10.233304977416992,9.45120620727539,0.03907155990600586,0.03913826867938042,,
135,10.41092586517334,9.653964042663574,1259495,,,,,0.03766774758696556,0.038026824593544006
136,,,1268756,10.214585304260254,9.428771018981934,0.037910133600234985,0.04067123681306839,,
136,10.405824661254883,9.65092945098877,1268756,,,,,0.0375150665640831,0.03797578439116478
137,,,1278017,10.218676567077637,9.422247886657715,0.04014817625284195,0.03949415683746338,,
137,10.403935432434082,9.649141311645508,1278017,,,,,0.03754477947950363,0.03793510049581528
138,,,1287278,10.195727348327637,9.421758651733398,0.03874314948916435,0.03865300863981247,,
138,10.391898155212402,9.638326644897461,1287278,,,,,0.03753050044178963,0.03782662749290466
139,,,1296539,10.185050010681152,9.399554252624512,0.0388365313410759,0.039712466299533844,,
139,10.390165328979492,9.63554859161377,1296539,,,,,0.037559911608695984,0.03790374845266342
140,,,1305800,10.18945026397705,9.404929161071777,0.03913206607103348,0.03932010754942894,,
140,10.381681442260742,9.631474494934082,1305800,,,,,0.03743338584899902,0.037586040794849396
141,,,1315061,10.18340015411377,9.40617847442627,0.039566412568092346,0.03815442696213722,,
141,10.379063606262207,9.628186225891113,1315061,,,,,0.03757913038134575,0.03750915452837944
142,,,1324322,10.18747615814209,9.406376838684082,0.03957485407590866,0.03853507339954376,,
142,10.375402450561523,9.620920181274414,1324322,,,,,0.03755230829119682,0.037896886467933655
143,,,1333583,10.193879127502441,9.412805557250977,0.03869268298149109,0.03941549360752106,,
143,10.375228881835938,9.621805191040039,1333583,,,,,0.037524204701185226,0.03781870752573013
144,,,1342844,10.203958511352539,9.394440650939941,0.03978031873703003,0.04117157682776451,,
144,10.374326705932617,9.61984920501709,1342844,,,,,0.03759416937828064,0.03785395622253418
145,,,1352105,10.179559707641602,9.402145385742188,0.04011787101626396,0.037622805684804916,,
145,10.365118026733398,9.613948822021484,1352105,,,,,0.03733513876795769,0.037784393876791
146,,,1361366,10.172724723815918,9.374957084655762,0.03978944569826126,0.03998855873942375,,
146,10.358702659606934,9.604710578918457,1361366,,,,,0.03757787123322487,0.037818875163793564
147,,,1370627,10.169809341430664,9.386927604675293,0.03877762332558632,0.039510034024715424,,
147,10.361567497253418,9.60895824432373,1370627,,,,,0.03761408478021622,0.03764897584915161
148,,,1379888,10.193696022033691,9.38909912109375,0.04208464175462723,0.03837497904896736,,
148,10.360276222229004,9.604438781738281,1379888,,,,,0.03779514878988266,0.03779012709856033
149,,,1389149,10.173346519470215,9.368852615356445,0.04100768640637398,0.0394417867064476,,
149,10.350831031799316,9.598099708557129,1389149,,,,,0.03742953762412071,0.03784121572971344
150,,,1398410,10.16054630279541,9.385048866271973,0.03803112730383873,0.03951841965317726,,
150,10.354644775390625,9.60418701171875,1398410,,,,,0.037423230707645416,0.037623535841703415
151,,,1407671,10.190505981445312,9.389565467834473,0.04089115560054779,0.03920339420437813,,
151,10.351168632507324,9.59859561920166,1407671,,,,,0.0375324971973896,0.03772333264350891
152,,,1416932,10.162640571594238,9.381823539733887,0.040255945175886154,0.037827037274837494,,
152,10.342816352844238,9.594863891601562,1416932,,,,,0.037334274500608444,0.03746216371655464
153,,,1426193,10.150958061218262,9.344818115234375,0.04010344296693802,0.040511079132556915,,
153,10.338810920715332,9.588766098022461,1426193,,,,,0.037402715533971786,0.037599824368953705
154,,,1435454,10.146161079406738,9.361626625061035,0.03918151557445526,0.03927258402109146,,
154,10.336482048034668,9.585078239440918,1435454,,,,,0.03730989620089531,0.037831421941518784
155,,,1444715,10.153414726257324,9.365121841430664,0.040167711675167084,0.03866184130311012,,
155,10.335546493530273,9.582314491271973,1444715,,,,,0.037542086094617844,0.03777886554598808
156,,,1453976,10.133055686950684,9.367691993713379,0.037742871791124344,0.03879457339644432,,
156,10.33285140991211,9.580184936523438,1453976,,,,,0.037484169006347656,0.03778233751654625
157,,,1463237,10.169999122619629,9.373008728027344,0.04201405495405197,0.037684448063373566,,
157,10.325396537780762,9.57763957977295,1463237,,,,,0.03708811476826668,0.03768675774335861
158,,,1472498,10.167162895202637,9.371030807495117,0.03859245032072067,0.04102005437016487,,
158,10.326250076293945,9.579792976379395,1472498,,,,,0.03722076490521431,0.037428975105285645
159,,,1481759,10.176085472106934,9.399818420410156,0.03812788426876068,0.03949815407395363,,
159,10.322479248046875,9.57386302947998,1481759,,,,,0.03734595701098442,0.03751330077648163
160,,,1491020,10.191862106323242,9.366386413574219,0.04294104129076004,0.039606936275959015,,
160,10.313313484191895,9.567896842956543,1491020,,,,,0.037048447877168655,0.03749086707830429
161,,,1500281,10.17147445678711,9.349123001098633,0.04174726456403732,0.04048759490251541,,
161,10.318448066711426,9.568443298339844,1500281,,,,,0.03738868236541748,0.03760841116309166
162,,,1509542,10.19902229309082,9.387701034545898,0.04036581516265869,0.040765658020973206,,
162,10.311214447021484,9.564087867736816,1509542,,,,,0.037314523011446,0.037397388368844986
163,,,1518803,10.148736953735352,9.367026329040527,0.03835923224687576,0.03981178253889084,,
163,10.315987586975098,9.56777286529541,1518803,,,,,0.03739771619439125,0.03742236644029617
164,,,1528064,10.138261795043945,9.348281860351562,0.04026992619037628,0.038727056235075,,
164,10.303478240966797,9.554516792297363,1528064,,,,,0.03731495141983032,0.03758123889565468
165,,,1537325,10.154922485351562,9.358258247375488,0.03853120654821396,0.041135892271995544,,
165,10.30575942993164,9.559595108032227,1537325,,,,,0.037363115698099136,0.03725457563996315
166,,,1546586,10.137726783752441,9.341938972473145,0.03847479820251465,0.04110366478562355,,
166,10.299681663513184,9.554320335388184,1546586,,,,,0.03705783188343048,0.03747641295194626
167,,,1555847,10.126544952392578,9.343235969543457,0.038847099989652634,0.039483994245529175,,
167,10.300372123718262,9.55468463897705,1555847,,,,,0.03724709525704384,0.037319377064704895
168,,,1565108,10.125594139099121,9.340156555175781,0.0384843572974205,0.04006052762269974,,
168,10.301850318908691,9.553727149963379,1565108,,,,,0.03724120184779167,0.03756777197122574
169,,,1574369,10.172740936279297,9.367717742919922,0.037995532155036926,0.04250510036945343,,
169,10.2943754196167,9.547453880310059,1574369,,,,,0.03720230981707573,0.03748854249715805
170,,,1583630,10.115715026855469,9.329178810119629,0.03960905224084854,0.03904414921998978,,
170,10.29296588897705,9.548043251037598,1583630,,,,,0.03713063523173332,0.037360720336437225
171,,,1592891,10.103795051574707,9.336462020874023,0.03747110068798065,0.03926265612244606,,
171,10.294319152832031,9.547171592712402,1592891,,,,,0.037292998284101486,0.03741784766316414
172,,,1602152,10.096322059631348,9.322924613952637,0.038420967757701874,0.038919441401958466,,
172,10.285614967346191,9.54142951965332,1602152,,,,,0.037098705768585205,0.03731733560562134
173,,,1611413,10.123152732849121,9.360451698303223,0.03843454644083977,0.03783465921878815,,
173,10.290609359741211,9.544756889343262,1611413,,,,,0.03703882545232773,0.03754746913909912
174,,,1620674,10.104784965515137,9.314009666442871,0.040589772164821625,0.03848772868514061,,
174,10.286050796508789,9.540736198425293,1620674,,,,,0.03718029707670212,0.0373496375977993
175,,,1629935,10.124650955200195,9.345416069030762,0.03808700665831566,0.039837006479501724,,
175,10.279036521911621,9.535057067871094,1629935,,,,,0.03710678219795227,0.03728855773806572
176,,,1639196,10.084356307983398,9.310707092285156,0.038280438631772995,0.03908383846282959,,
176,10.28199291229248,9.536453247070312,1639196,,,,,0.03708258643746376,0.03747237101197243
177,,,1648457,10.140254020690918,9.33377456665039,0.039701711386442184,0.04094548150897026,,
177,10.279550552368164,9.537516593933105,1648457,,,,,0.03694725036621094,0.037257302552461624
178,,,1657718,10.097185134887695,9.324418067932129,0.039197277277708054,0.03808014467358589,,
178,10.276506423950195,9.534616470336914,1657718,,,,,0.03710296005010605,0.03708692267537117
179,,,1666979,10.099860191345215,9.327980995178223,0.03825189918279648,0.038936689496040344,,
179,10.273696899414062,9.529958724975586,1666979,,,,,0.03711589425802231,0.037254683673381805
180,,,1676240,10.104903221130371,9.319421768188477,0.03948920592665672,0.039058201014995575,,
180,10.271726608276367,9.528861045837402,1676240,,,,,0.03710983321070671,0.03717752546072006
181,,,1685501,10.108017921447754,9.321662902832031,0.03775288537144661,0.04088185727596283,,
181,10.275215148925781,9.533012390136719,1685501,,,,,0.03691164031624794,0.037307847291231155
182,,,1694762,10.126118659973145,9.330011367797852,0.04028726741671562,0.03932330012321472,,
182,10.264955520629883,9.522261619567871,1694762,,,,,0.037097856402397156,0.03717229515314102
183,,,1704023,10.08491325378418,9.31474781036377,0.038235653191804886,0.03878025710582733,,
183,10.268156051635742,9.523446083068848,1704023,,,,,0.037105411291122437,0.03736548498272896
184,,,1713284,10.123847961425781,9.338510513305664,0.04040269926190376,0.0381307452917099,,
184,10.26794719696045,9.523877143859863,1713284,,,,,0.037143904715776443,0.03726097568869591
185,,,1722545,10.084493637084961,9.30034065246582,0.04036478325724602,0.03805086389183998,,
185,10.265640258789062,9.521740913391113,1722545,,,,,0.03705684840679169,0.03733096644282341
186,,,1731806,10.098203659057617,9.313861846923828,0.038251541554927826,0.040182750672101974,,
186,10.259264945983887,9.515739440917969,1731806,,,,,0.037169452756643295,0.03718045353889465
187,,,1741067,10.081171035766602,9.314754486083984,0.038956932723522186,0.03768572956323624,,
187,10.25621223449707,9.516216278076172,1741067,,,,,0.036800116300582886,0.037200842052698135
188,,,1750328,10.127459526062012,9.327704429626465,0.039439812302589417,0.040536168962717056,,
188,10.257787704467773,9.515776634216309,1750328,,,,,0.037049923092126846,0.037152402102947235
189,,,1759589,10.073383331298828,9.282502174377441,0.03916819021105766,0.039919715374708176,,
189,10.248584747314453,9.507438659667969,1759589,,,,,0.03693574666976929,0.03717558830976486
190,,,1768850,10.101980209350586,9.304943084716797,0.04112076014280319,0.03858250752091408,,
190,10.250184059143066,9.509406089782715,1768850,,,,,0.03671814128756523,0.03735793009400368
191,,,1778111,10.108307838439941,9.328189849853516,0.040316324681043625,0.0376955047249794,,
191,10.24481201171875,9.505704879760742,1778111,,,,,0.037074148654937744,0.03683990612626076
192,,,1787372,10.111039161682129,9.322333335876465,0.039501167833805084,0.039368100464344025,,
192,10.254839897155762,9.515121459960938,1787372,,,,,0.03685235232114792,0.03711971640586853
193,,,1796633,10.090227127075195,9.31408977508545,0.039949361234903336,0.03766516596078873,,
193,10.253915786743164,9.509658813476562,1796633,,,,,0.03688068687915802,0.03754569590091705
194,,,1805894,10.08725357055664,9.29924201965332,0.03882962837815285,0.03997113183140755,,
194,10.244526863098145,9.5062894821167,1805894,,,,,0.03697412461042404,0.03684917837381363
195,,,1815155,10.084085464477539,9.299601554870605,0.039139024913311005,0.0393080934882164,,
195,10.243639945983887,9.504534721374512,1815155,,,,,0.03691473975777626,0.03699467331171036
196,,,1824416,10.099236488342285,9.315287590026855,0.03849077597260475,0.03990386798977852,,
196,10.24282169342041,9.503862380981445,1824416,,,,,0.03677134960889816,0.03712443634867668
197,,,1833677,10.105598449707031,9.308112144470215,0.03960685804486275,0.040141474455595016,,
197,10.241305351257324,9.501582145690918,1833677,,,,,0.036984797567129135,0.03698568418622017
198,,,1842938,10.141387939453125,9.32857894897461,0.03740892559289932,0.04387127608060837,,
198,10.241334915161133,9.502819061279297,1842938,,,,,0.036880940198898315,0.03697112947702408
199,,,1852199,10.105676651000977,9.302144050598145,0.041573621332645416,0.03878127411007881,,
199,10.234332084655762,9.496234893798828,1852199,,,,,0.03691685572266579,0.036894991993904114
200,,,1861460,10.104949951171875,9.303808212280273,0.03990815207362175,0.04020637646317482,,
200,10.23538589477539,9.498414993286133,1861460,,,,,0.03665504977107048,0.03704369068145752
201,,,1870721,10.100137710571289,9.302520751953125,0.039527036249637604,0.040234338492155075,,
201,10.238041877746582,9.501152992248535,1870721,,,,,0.036650415509939194,0.03703925758600235
202,,,1879982,10.09251880645752,9.286171913146973,0.04191185534000397,0.03872226923704147,,
202,10.23581314086914,9.499591827392578,1879982,,,,,0.036817312240600586,0.03680454567074776
203,,,1889243,10.077569007873535,9.288054466247559,0.03909437730908394,0.03985774517059326,,
203,10.229026794433594,9.490096092224121,1889243,,,,,0.03693544119596481,0.03695669770240784
204,,,1898504,10.094196319580078,9.310137748718262,0.03809574618935585,0.04030921310186386,,
204,10.228219032287598,9.488472938537598,1898504,,,,,0.036945849657058716,0.037028536200523376
205,,,1907765,10.108621597290039,9.32455825805664,0.03782736510038376,0.040579065680503845,,
205,10.22844123840332,9.489617347717285,1907765,,,,,0.036883268505334854,0.036998528987169266
206,,,1917026,10.081446647644043,9.307490348815918,0.03970276191830635,0.03769213333725929,,
206,10.226730346679688,9.490011215209961,1917026,,,,,0.03674611449241638,0.036928169429302216
207,,,1926287,10.076698303222656,9.287363052368164,0.039293333888053894,0.03964020311832428,,
207,10.222209930419922,9.484542846679688,1926287,,,,,0.03688894584774971,0.03687715157866478
208,,,1935548,10.071907043457031,9.27897834777832,0.03835253044962883,0.04094083234667778,,
208,10.219131469726562,9.483431816101074,1935548,,,,,0.03663979470729828,0.03693215921521187
209,,,1944809,10.045348167419434,9.28681755065918,0.038088541477918625,0.03776396065950394,,
209,10.22500991821289,9.48733901977539,1944809,,,,,0.036736831068992615,0.03702819347381592
210,,,1954070,10.076481819152832,9.30271053314209,0.038707882165908813,0.03866829350590706,,
210,10.22083854675293,9.486505508422852,1954070,,,,,0.03661022335290909,0.03682452812790871
211,,,1963331,10.051018714904785,9.274785041809082,0.03973250836133957,0.037892065942287445,,
211,10.223173141479492,9.484155654907227,1963331,,,,,0.03682822734117508,0.03707428276538849
212,,,1972592,10.073467254638672,9.280961036682129,0.03848837688565254,0.04076233506202698,,
212,10.221407890319824,9.483599662780762,1972592,,,,,0.03674124926328659,0.03704041242599487
213,,,1981853,10.053167343139648,9.278677940368652,0.0387859083712101,0.03866405412554741,,
213,10.217103004455566,9.483813285827637,1981853,,,,,0.0365293025970459,0.03679696097970009
214,,,1991114,10.04523754119873,9.277161598205566,0.038210295140743256,0.03859885782003403,,
214,10.214694023132324,9.479228973388672,1991114,,,,,0.036706797778606415,0.03684482350945473
215,,,2000375,10.067039489746094,9.294918060302734,0.03937773033976555,0.03783422335982323,,
215,10.215083122253418,9.479684829711914,2000375,,,,,0.03674770146608353,0.03679223731160164
216,,,2009636,10.048684120178223,9.289216995239258,0.037049300968647,0.03889754042029381,,
216,10.214019775390625,9.479104995727539,2009636,,,,,0.03673911839723587,0.03675459325313568
217,,,2018897,10.109618186950684,9.321903228759766,0.04119756445288658,0.037573449313640594,,
217,10.21251106262207,9.477258682250977,2018897,,,,,0.036725446581840515,0.03680083900690079
218,,,2028158,10.059101104736328,9.303380966186523,0.037826813757419586,0.03774622082710266,,
218,10.208226203918457,9.476344108581543,2028158,,,,,0.036492761224508286,0.03669564425945282
219,,,2037419,10.05980396270752,9.273944854736328,0.03991812467575073,0.0386667400598526,,
219,10.20421314239502,9.469018936157227,2037419,,,,,0.03670063614845276,0.03681674599647522
220,,,2046680,10.060906410217285,9.270429611206055,0.04025862738490105,0.03878946602344513,,
220,10.207121849060059,9.475762367248535,2046680,,,,,0.03655777499079704,0.03657787665724754
221,,,2055941,10.05549430847168,9.27531909942627,0.03863508626818657,0.039383143186569214,,
221,10.20674991607666,9.474258422851562,2055941,,,,,0.036559928208589554,0.03668922558426857
222,,,2065202,10.051531791687012,9.282102584838867,0.03874330222606659,0.038200270384550095,,
222,10.207490921020508,9.474088668823242,2065202,,,,,0.0365840420126915,0.036757636815309525
223,,,2074463,10.034228324890137,9.262011528015137,0.03800415247678757,0.039217352867126465,,
223,10.198802947998047,9.466638565063477,2074463,,,,,0.03642960637807846,0.03678644821047783
224,,,2083724,10.051061630249023,9.273303031921387,0.037951141595840454,0.039825405925512314,,
224,10.198649406433105,9.462928771972656,2083724,,,,,0.03669280558824539,0.03688040003180504
225,,,2092985,10.035869598388672,9.275230407714844,0.03882307559251785,0.0372408963739872,,
225,10.198235511779785,9.464766502380371,2092985,,,,,0.03663576766848564,0.03671005740761757
226,,,2102246,10.033731460571289,9.258837699890137,0.03918229416012764,0.038307055830955505,,
226,10.198741912841797,9.465333938598633,2102246,,,,,0.0366220660507679,0.03671719506382942
227,,,2111507,10.049172401428223,9.270999908447266,0.038535043597221375,0.03928259387612343,,
227,10.199965476989746,9.46313762664795,2111507,,,,,0.03672013059258461,0.03696243464946747
228,,,2120768,10.042520523071289,9.280951499938965,0.037420425564050674,0.03873603790998459,,
228,10.198920249938965,9.465896606445312,2120768,,,,,0.03660834953188896,0.036693211644887924
229,,,2130029,10.061249732971191,9.284481048583984,0.04060143977403641,0.037076812237501144,,
229,10.195246696472168,9.464258193969727,2130029,,,,,0.03631940484046936,0.036776430904865265
230,,,2139290,10.042112350463867,9.249043464660645,0.041206326335668564,0.03809988498687744,,
230,10.19516658782959,9.4609375,2139290,,,,,0.03672066703438759,0.03669944778084755
231,,,2148551,10.048733711242676,9.279035568237305,0.038205184042453766,0.03876393288373947,,
231,10.193638801574707,9.462645530700684,2148551,,,,,0.03645404800772667,0.03664308413863182
232,,,2157812,10.026689529418945,9.277010917663574,0.03732527047395706,0.03764212876558304,,
232,10.196061134338379,9.46517276763916,2157812,,,,,0.036347970366477966,0.03674299269914627
233,,,2167073,10.047613143920898,9.270499229431152,0.03953446447849274,0.03817777708172798,,
233,10.194948196411133,9.463576316833496,2167073,,,,,0.03654048591852188,0.036596737802028656
234,,,2176334,10.063241004943848,9.283815383911133,0.038351964205503464,0.03958992660045624,,
234,10.191636085510254,9.46163272857666,2176334,,,,,0.03658229485154152,0.03642134740948677
235,,,2185595,10.034029960632324,9.27316665649414,0.03793550282716751,0.03815040364861488,,
235,10.185432434082031,9.455049514770508,2185595,,,,,0.036442164331674576,0.03659534454345703
236,,,2194856,10.049160957336426,9.26444149017334,0.039998240768909454,0.038474638015031815,,
236,10.18835735321045,9.458778381347656,2194856,,,,,0.036420099437236786,0.03653919696807861
237,,,2204117,10.05056095123291,9.286904335021973,0.037256140261888504,0.03910957649350166,,
237,10.186676025390625,9.454370498657227,2204117,,,,,0.03644620627164841,0.0367843322455883
238,,,2213378,10.073192596435547,9.290872573852539,0.03968289494514465,0.038547877222299576,,
238,10.186030387878418,9.454318046569824,2213378,,,,,0.036586929112672806,0.036583613604307175
239,,,2222639,10.055537223815918,9.282452583312988,0.037212442606687546,0.040095746517181396,,
239,10.183822631835938,9.45336627960205,2222639,,,,,0.03649524599313736,0.036549102514982224
240,,,2231900,10.035120964050293,9.252899169921875,0.03861893340945244,0.039604395627975464,,
240,10.18463134765625,9.455098152160645,2231900,,,,,0.03645316883921623,0.03649532049894333
241,,,2241161,10.038921356201172,9.258621215820312,0.03872077539563179,0.03930767625570297,,
241,10.183467864990234,9.451578140258789,2241161,,,,,0.036547642201185226,0.03664012998342514
242,,,2250422,10.033402442932129,9.252784729003906,0.03947781026363373,0.038584399968385696,,
242,10.181909561157227,9.4517183303833,2250422,,,,,0.03641223534941673,0.03660383075475693
243,,,2259683,10.024659156799316,9.238526344299316,0.04039684683084488,0.03821547329425812,,
243,10.182718276977539,9.450322151184082,2259683,,,,,0.03673015534877777,0.036505602300167084
244,,,2268944,10.03089714050293,9.264800071716309,0.03844638541340828,0.03816268965601921,,
244,10.178845405578613,9.450349807739258,2268944,,,,,0.03636742755770683,0.03648202493786812
245,,,2278205,10.030739784240723,9.25407886505127,0.03937340900301933,0.038293249905109406,,
245,10.178750991821289,9.449602127075195,2278205,,,,,0.03643222898244858,0.03648345172405243
246,,,2287466,10.092679023742676,9.300487518310547,0.04101651906967163,0.03820335119962692,,
246,10.173603057861328,9.44509506225586,2287466,,,,,0.036423228681087494,0.036427102982997894
247,,,2296727,10.057953834533691,9.277458190917969,0.04019928723573685,0.037850506603717804,,
247,10.176739692687988,9.445898056030273,2296727,,,,,0.03640056401491165,0.036682963371276855
248,,,2305988,10.042075157165527,9.264582633972168,0.039266254752874374,0.03848305344581604,,
248,10.182625770568848,9.451210021972656,2305988,,,,,0.03646767511963844,0.036675188690423965
249,,,2315249,10.037918090820312,9.244251251220703,0.04006939381361008,0.039296604692935944,,
249,10.173749923706055,9.444526672363281,2315249,,,,,0.03643371909856796,0.03649051859974861
250,,,2324510,10.035783767700195,9.268715858459473,0.03973633050918579,0.036970146000385284,,
250,10.17368221282959,9.444329261779785,2324510,,,,,0.036440327763557434,0.0364961251616478
251,,,2333771,10.024274826049805,9.26374626159668,0.036932796239852905,0.03912104293704033,,
251,10.172947883605957,9.44443416595459,2333771,,,,,0.036314673721790314,0.03653380647301674
252,,,2343032,10.05234432220459,9.261335372924805,0.038510341197252274,0.04059062525629997,,
252,10.173136711120605,9.443038940429688,2343032,,,,,0.03646295890212059,0.03654512017965317
253,,,2352293,10.030484199523926,9.256983757019043,0.03777776286005974,0.039572376757860184,,
253,10.176294326782227,9.444478988647461,2352293,,,,,0.036404307931661606,0.03677753731608391
254,,,2361554,10.03129768371582,9.250635147094727,0.038483716547489166,0.039581552147865295,,
254,10.170519828796387,9.439876556396484,2361554,,,,,0.03652413561940193,0.03653908148407936
255,,,2370815,10.028779983520508,9.247663497924805,0.03955335170030594,0.03855818510055542,,
255,10.172758102416992,9.444604873657227,2370815,,,,,0.036304064095020294,0.03651134669780731
256,,,2380076,10.0415678024292,9.2621431350708,0.03792925551533699,0.040012769401073456,,
256,10.168560981750488,9.439545631408691,2380076,,,,,0.036454685032367706,0.036447037011384964
257,,,2389337,10.030424118041992,9.270143508911133,0.03863038495182991,0.037398599088191986,,
257,10.166862487792969,9.438007354736328,2389337,,,,,0.036274269223213196,0.03661133721470833
258,,,2398598,10.036699295043945,9.265820503234863,0.03790421038866043,0.03918381407856941,,
258,10.164998054504395,9.4356050491333,2398598,,,,,0.03620302677154541,0.03673429414629936
259,,,2407859,10.05709171295166,9.261194229125977,0.0386609211564064,0.04092838987708092,,
259,10.162914276123047,9.43399429321289,2407859,,,,,0.036337580531835556,0.036556221544742584
260,,,2417120,10.00187873840332,9.237969398498535,0.03840768337249756,0.03798380494117737,,
260,10.16150188446045,9.433732032775879,2417120,,,,,0.03631453588604927,0.03646387532353401
261,,,2426381,10.047043800354004,9.259121894836426,0.0399683453142643,0.03882388025522232,,
261,10.167641639709473,9.437788009643555,2426381,,,,,0.0362933985888958,0.03669015318155289
262,,,2435642,10.095915794372559,9.29886531829834,0.03931126371026039,0.04039376601576805,,
262,10.168560028076172,9.4384183883667,2435642,,,,,0.036381956189870834,0.03663014620542526
263,,,2444903,10.034167289733887,9.24797534942627,0.03903121128678322,0.03958791121840477,,
263,10.156649589538574,9.429475784301758,2444903,,,,,0.03622335195541382,0.036495696753263474
264,,,2454164,10.037344932556152,9.25974178314209,0.039253294467926025,0.03850802406668663,,
264,10.15720272064209,9.430057525634766,2454164,,,,,0.036271706223487854,0.0364447683095932
265,,,2463425,10.024940490722656,9.241415977478027,0.03791564702987671,0.04043694958090782,,
265,10.157087326049805,9.429049491882324,2463425,,,,,0.03632120043039322,0.03648168966174126
266,,,2472686,10.020938873291016,9.248815536499023,0.03930474445223808,0.03790716454386711,,
266,10.158404350280762,9.432018280029297,2472686,,,,,0.03622783347964287,0.03641347214579582
267,,,2481947,10.043203353881836,9.268416404724121,0.03871255740523338,0.03876470401883125,,
267,10.158292770385742,9.43326473236084,2481947,,,,,0.03614581748843193,0.03635609149932861
268,,,2491208,10.04520320892334,9.26859188079834,0.03710624948143959,0.04055463522672653,,
268,10.156914710998535,9.42985725402832,2491208,,,,,0.036240316927433014,0.03646749258041382
269,,,2500469,10.021039009094238,9.254606246948242,0.03820446878671646,0.03843803331255913,,
269,10.155237197875977,9.428325653076172,2500469,,,,,0.036239784210920334,0.03645060956478119
270,,,2509730,10.047541618347168,9.24270248413086,0.040633462369441986,0.03985041379928589,,
270,10.157371520996094,9.430524826049805,2509730,,,,,0.03628051280975342,0.03640343248844147
271,,,2518991,10.044634819030762,9.25135612487793,0.03977971896529198,0.03954825922846794,,
271,10.156121253967285,9.428976058959961,2518991,,,,,0.036352407187223434,0.03636306896805763
272,,,2528252,10.022501945495605,9.233415603637695,0.037928104400634766,0.04098069295287132,,
272,10.153219223022461,9.425675392150879,2528252,,,,,0.036267805844545364,0.03648347780108452
273,,,2537513,10.033044815063477,9.274036407470703,0.03711266443133354,0.03878862038254738,,
273,10.156083106994629,9.42805004119873,2537513,,,,,0.03638475760817528,0.03641928732395172
274,,,2546774,10.025837898254395,9.246100425720215,0.038029562681913376,0.03994468227028847,,
274,10.147695541381836,9.422252655029297,2546774,,,,,0.0361270047724247,0.036418139934539795
275,,,2556035,10.006576538085938,9.234028816223145,0.03861408308148384,0.03863989934325218,,
275,10.153478622436523,9.427041053771973,2556035,,,,,0.03633076697587967,0.03631404787302017
276,,,2565296,10.02531909942627,9.254353523254395,0.03806357458233833,0.03903369605541229,,
276,10.147270202636719,9.421021461486816,2565296,,,,,0.03630174696445465,0.036321889609098434
277,,,2574557,10.008193969726562,9.226643562316895,0.039531681686639786,0.03862264007329941,,
277,10.148028373718262,9.420137405395508,2574557,,,,,0.03630844131112099,0.03648275509476662
278,,,2583818,10.014311790466309,9.245199203491211,0.038711484521627426,0.038200199604034424,,
278,10.148850440979004,9.422344207763672,2583818,,,,,0.036336176097393036,0.03631396219134331
279,,,2593079,10.009269714355469,9.232393264770508,0.03811400756239891,0.03957386687397957,,
279,10.1486177444458,9.420727729797363,2593079,,,,,0.036322444677352905,0.03646763786673546
280,,,2602340,10.020952224731445,9.237573623657227,0.038043636828660965,0.04029352590441704,,
280,10.146838188171387,9.417705535888672,2602340,,,,,0.03635362163186073,0.03656434267759323
281,,,2611601,10.068277359008789,9.239834785461426,0.03974374383687973,0.043100520968437195,,
281,10.149456024169922,9.42264461517334,2611601,,,,,0.03629247099161148,0.036387957632541656
282,,,2620862,10.006586074829102,9.243038177490234,0.03847569227218628,0.037879183888435364,,
282,10.148207664489746,9.421920776367188,2620862,,,,,0.0360926128923893,0.03653619438409805
283,,,2630123,10.051716804504395,9.285697937011719,0.03786134347319603,0.03874071687459946,,
283,10.143054008483887,9.41850757598877,2630123,,,,,0.03624771162867546,0.036206718534231186
284,,,2639384,9.999759674072266,9.22752857208252,0.03836480900645256,0.03886055201292038,,
284,10.145135879516602,9.419595718383789,2639384,,,,,0.03623797744512558,0.036312565207481384
285,,,2648645,10.023722648620605,9.2470121383667,0.0392240472137928,0.038446296006441116,,
285,10.141700744628906,9.41545581817627,2648645,,,,,0.0362800657749176,0.03634611517190933
286,,,2657906,10.08823299407959,9.288949966430664,0.03902949020266533,0.040898241102695465,,
286,10.14449405670166,9.416962623596191,2657906,,,,,0.0362127348780632,0.036538127809762955
287,,,2667167,10.034711837768555,9.265538215637207,0.03876904770731926,0.03814740851521492,,
287,10.14349365234375,9.418238639831543,2667167,,,,,0.03616972267627716,0.03635751083493233
288,,,2676428,9.99936294555664,9.224702835083008,0.037635352462530136,0.03983097895979881,,
288,10.141568183898926,9.416474342346191,2676428,,,,,0.036239247769117355,0.03627392649650574
289,,,2685689,10.013941764831543,9.25128173828125,0.03788602724671364,0.03838042914867401,,
289,10.140806198120117,9.416529655456543,2685689,,,,,0.036196019500494,0.03623145446181297
290,,,2694950,10.01158618927002,9.238688468933105,0.03898097947239876,0.03830862045288086,,
290,10.136493682861328,9.411700248718262,2694950,,,,,0.036213070154190063,0.03626759722828865
291,,,2704211,10.012413024902344,9.246742248535156,0.03829560428857803,0.038271091878414154,,
291,10.139019966125488,9.412524223327637,2704211,,,,,0.03639679402112961,0.03625405207276344
292,,,2713472,10.037421226501465,9.2660493850708,0.03746115416288376,0.039676733314991,,
292,10.139924049377441,9.41516399383545,2713472,,,,,0.03611990809440613,0.036356836557388306
293,,,2722733,10.026640892028809,9.238553047180176,0.04085545241832733,0.03795411437749863,,
293,10.138039588928223,9.415742874145508,2722733,,,,,0.03602706640958786,0.0362045019865036
294,,,2731994,10.005558967590332,9.230758666992188,0.03758476674556732,0.039895493537187576,,
294,10.134635925292969,9.409432411193848,2731994,,,,,0.036239199340343475,0.0362820141017437
295,,,2741255,10.000006675720215,9.234302520751953,0.037904709577560425,0.038665663450956345,,
295,10.137176513671875,9.41055679321289,2741255,,,,,0.036233700811862946,0.036428119987249374
296,,,2750516,10.010464668273926,9.23682975769043,0.03864366188645363,0.038718950003385544,,
296,10.134437561035156,9.41213321685791,2750516,,,,,0.036013491451740265,0.036217235028743744
297,,,2759777,10.027507781982422,9.25614070892334,0.03870732709765434,0.038430653512477875,,
297,10.133631706237793,9.410653114318848,2759777,,,,,0.036067038774490356,0.03623160719871521
298,,,2769038,10.029107093811035,9.244766235351562,0.03860893473029137,0.039825502783060074,,
298,10.131532669067383,9.405975341796875,2769038,,,,,0.036326780915260315,0.03622991964221001
299,,,2778299,10.018583297729492,9.236300468444824,0.039637189358472824,0.038590800017118454,,
299,10.132119178771973,9.405579566955566,2778299,,,,,0.03632377088069916,0.03632922098040581
300,,,2787560,10.001540184020996,9.241402626037598,0.03855784609913826,0.037455685436725616,,
300,10.127025604248047,9.403817176818848,2787560,,,,,0.03618183359503746,0.03613977134227753
301,,,2796821,10.036480903625488,9.251798629760742,0.03888329863548279,0.03958506137132645,,
301,10.132368087768555,9.407238960266113,2796821,,,,,0.0362362340092659,0.036275628954172134
302,,,2806082,9.999305725097656,9.218939781188965,0.037871103733778,0.04016520828008652,,
302,10.12752914428711,9.402847290039062,2806082,,,,,0.036054883152246475,0.03641236200928688
303,,,2815343,10.006438255310059,9.233538627624512,0.039796192198991776,0.03749435767531395,,
303,10.130406379699707,9.40738582611084,2815343,,,,,0.03604375943541527,0.03625665605068207
304,,,2824604,10.03962230682373,9.265233039855957,0.038314852863550186,0.039122745394706726,,
304,10.131683349609375,9.40788745880127,2824604,,,,,0.03612027317285538,0.0362594909965992
305,,,2833865,10.051383972167969,9.273314476013184,0.040023643523454666,0.03778275474905968,,
305,10.129800796508789,9.40630054473877,2833865,,,,,0.036064326763153076,0.03628407418727875
306,,,2843126,10.022282600402832,9.24561882019043,0.03985980153083801,0.037806712090969086,,
306,10.1267671585083,9.405077934265137,2843126,,,,,0.03613738715648651,0.03602629527449608
307,,,2852387,10.009603500366211,9.231202125549316,0.038934558629989624,0.03890465572476387,,
307,10.125174522399902,9.40219497680664,2852387,,,,,0.036164090037345886,0.036132849752902985
308,,,2861648,10.027064323425293,9.239330291748047,0.04012906178832054,0.038644302636384964,,
308,10.127168655395508,9.405105590820312,2861648,,,,,0.036173924803733826,0.036030277609825134
309,,,2870909,10.022775650024414,9.271187782287598,0.03729114308953285,0.03786776214838028,,
309,10.12384033203125,9.402010917663574,2870909,,,,,0.03592001646757126,0.03626367449760437
310,,,2880170,10.030497550964355,9.248064041137695,0.03794531151652336,0.040298327803611755,,
310,10.123191833496094,9.403070449829102,2880170,,,,,0.03591211512684822,0.03610362112522125
311,,,2889431,10.006641387939453,9.234637260437012,0.039376042783260345,0.03782518580555916,,
311,10.120800971984863,9.398441314697266,2889431,,,,,0.03606090694665909,0.036176830530166626
312,,,2898692,10.001726150512695,9.226168632507324,0.03805536404252052,0.03950193151831627,,
312,10.121759414672852,9.398006439208984,2898692,,,,,0.03618926182389259,0.03618713468313217
313,,,2907953,10.004220962524414,9.243082046508789,0.03848385438323021,0.03763004392385483,,
313,10.122990608215332,9.397602081298828,2907953,,,,,0.03622797876596451,0.03631199151277542
314,,,2917214,10.022375106811523,9.25509262084961,0.03931984677910805,0.03740876168012619,,
314,10.118919372558594,9.398031234741211,2917214,,,,,0.03603624179959297,0.0360543467104435
315,,,2926475,10.018827438354492,9.247918128967285,0.03744586929678917,0.03964516893029213,,
315,10.121989250183105,9.399565696716309,2926475,,,,,0.03614219278097153,0.036101534962654114
316,,,2935736,10.000624656677246,9.224928855895996,0.03978458419442177,0.03778521344065666,,
316,10.121152877807617,9.397201538085938,2935736,,,,,0.03609047457575798,0.036305710673332214
317,,,2944997,9.989264488220215,9.223409652709961,0.03897231072187424,0.037612464278936386,,
317,10.116085052490234,9.39496898651123,2944997,,,,,0.0359458290040493,0.036165207624435425
318,,,2954258,10.021676063537598,9.242289543151855,0.03915566951036453,0.03878341242671013,,
318,10.115293502807617,9.395853996276855,2954258,,,,,0.035873763263225555,0.03606827184557915
319,,,2963519,9.992100715637207,9.217144966125488,0.03761010244488716,0.03988521918654442,,
319,10.117681503295898,9.398058891296387,2963519,,,,,0.0359366312623024,0.03602356091141701
320,,,2972780,10.018837928771973,9.221819877624512,0.03900845721364021,0.040693383663892746,,
320,10.11881160736084,9.395951271057129,2972780,,,,,0.03595544397830963,0.036328282207250595
321,,,2982041,10.036275863647461,9.266281127929688,0.038897424936294556,0.03810123726725578,,
321,10.119280815124512,9.396985054016113,2982041,,,,,0.03607093170285225,0.036157358437776566
322,,,2991302,10.005788803100586,9.242668151855469,0.03832778334617615,0.03798525407910347,,
322,10.118876457214355,9.39563274383545,2991302,,,,,0.03604476898908615,0.036277562379837036
323,,,3000563,10.015070915222168,9.24312686920166,0.03866131603717804,0.038533326238393784,,
323,10.117470741271973,9.39616870880127,3000563,,,,,0.03593464940786362,0.03619637340307236
324,,,3009824,10.01424789428711,9.238449096679688,0.038560256361961365,0.039019886404275894,,
324,10.119129180908203,9.395991325378418,3009824,,,,,0.03607727214694023,0.03623627498745918
325,,,3019085,10.011347770690918,9.22960090637207,0.03869393840432167,0.03947995603084564,,
325,10.118672370910645,9.396878242492676,3019085,,,,,0.03589099273085594,0.03628704324364662
326,,,3028346,10.0005464553833,9.217817306518555,0.040675025433301926,0.037599410861730576,,
326,10.119439125061035,9.395310401916504,3028346,,,,,0.03604947775602341,0.036362338811159134
327,,,3037607,10.003503799438477,9.231537818908691,0.04003524035215378,0.037160880863666534,,
327,10.11281967163086,9.38960075378418,3037607,,,,,0.03613952919840813,0.036182962357997894
328,,,3046868,10.00096607208252,9.21187973022461,0.0393989235162735,0.03951026499271393,,
328,10.112601280212402,9.388221740722656,3046868,,,,,0.03610904514789581,0.03632902726531029
329,,,3056129,9.983367919921875,9.201693534851074,0.038715533912181854,0.039452314376831055,,
329,10.114582061767578,9.394150733947754,3056129,,,,,0.03594929724931717,0.036089446395635605
330,,,3065390,10.000556945800781,9.21601390838623,0.03965648636221886,0.03879868611693382,,
330,10.112485885620117,9.390135765075684,3065390,,,,,0.03610755875706673,0.03612704947590828
331,,,3074651,10.013166427612305,9.2337064743042,0.03975220397114754,0.03819434717297554,,
331,10.110978126525879,9.390419960021973,3074651,,,,,0.03595244884490967,0.03610294312238693
332,,,3083912,10.0026273727417,9.224967002868652,0.03872929513454437,0.03903676196932793,,
332,10.1126708984375,9.390599250793457,3083912,,,,,0.03599419817328453,0.03620987758040428
333,,,3093173,10.011994361877441,9.25028133392334,0.03788459673523903,0.03828644007444382,,
333,10.108646392822266,9.385454177856445,3093173,,,,,0.036077167838811874,0.03624097630381584
334,,,3102434,9.98625373840332,9.223431587219238,0.038548991084098816,0.037733059376478195,,
334,10.105955123901367,9.386175155639648,3102434,,,,,0.03574914112687111,0.036229781806468964
335,,,3111695,9.998693466186523,9.215312004089355,0.039121150970458984,0.03921753168106079,,
335,10.107970237731934,9.385759353637695,3111695,,,,,0.03602638840675354,0.03619466722011566
336,,,3120956,9.988211631774902,9.208015441894531,0.038494471460580826,0.0395248718559742,,
336,10.110230445861816,9.388691902160645,3120956,,,,,0.036105819046497345,0.03604589030146599
337,,,3130217,9.98725700378418,9.191612243652344,0.03953025862574577,0.040033962577581406,,
337,10.108479499816895,9.385409355163574,3130217,,,,,0.03611229360103607,0.03619663789868355
338,,,3139478,9.996356010437012,9.229793548583984,0.03811207786202431,0.03854376822710037,,
338,10.108482360839844,9.388995170593262,3139478,,,,,0.03586537763476372,0.03608477860689163
339,,,3148739,10.038399696350098,9.236154556274414,0.041716065257787704,0.03850738704204559,,
339,10.107926368713379,9.38760757446289,3148739,,,,,0.03589663654565811,0.03613551706075668
340,,,3158000,9.998021125793457,9.227815628051758,0.03754430264234543,0.039476510137319565,,
340,10.101102828979492,9.379651069641113,3158000,,,,,0.036071017384529114,0.03607231751084328
341,,,3167261,10.028093338012695,9.23270320892334,0.03745371103286743,0.04208417609333992,,
341,10.10286808013916,9.382993698120117,3167261,,,,,0.036042727530002594,0.035942498594522476
342,,,3176522,10.002700805664062,9.224261283874512,0.03941137716174126,0.038433436304330826,,
342,10.107491493225098,9.385685920715332,3176522,,,,,0.03598310798406601,0.03619517385959625
343,,,3185783,10.0030517578125,9.235125541687012,0.03824881836771965,0.03854343295097351,,
343,10.10365104675293,9.382555961608887,3185783,,,,,0.03606834262609482,0.036042191088199615
344,,,3195044,10.02007007598877,9.249127388000488,0.03911851346492767,0.03797527402639389,,
344,10.103277206420898,9.384384155273438,3195044,,,,,0.03591035306453705,0.035977769643068314
345,,,3204305,10.004140853881836,9.231490135192871,0.039079517126083374,0.03818575665354729,,
345,10.105795860290527,9.387228965759277,3204305,,,,,0.03583090379834175,0.036026448011398315
346,,,3213566,10.006579399108887,9.211629867553711,0.03876195102930069,0.040732692927122116,,
346,10.099032402038574,9.380348205566406,3213566,,,,,0.03593410179018974,0.035931967198848724
347,,,3222827,9.990198135375977,9.226136207580566,0.038662198930978775,0.0377429723739624,,
347,10.101524353027344,9.380165100097656,3222827,,,,,0.03608858585357666,0.03604626655578613
348,,,3232088,10.013727188110352,9.241048812866211,0.039516381919384,0.037751704454422,,
348,10.09809684753418,9.380905151367188,3232088,,,,,0.03582751750946045,0.03589153289794922
349,,,3241349,10.020809173583984,9.241853713989258,0.04002461954951286,0.03787187486886978,,
349,10.098350524902344,9.379250526428223,3241349,,,,,0.03600579872727394,0.035905495285987854
350,,,3250610,9.98906135559082,9.231724739074707,0.037620481103658676,0.038112614303827286,,
350,10.102144241333008,9.384084701538086,3250610,,,,,0.03588221222162247,0.03592199459671974
351,,,3259871,10.01172924041748,9.22266674041748,0.04009771719574928,0.03880796581506729,,
351,10.099977493286133,9.380351066589355,3259871,,,,,0.03601287677884102,0.03594747558236122
352,,,3269132,9.978622436523438,9.203402519226074,0.03907337784767151,0.03844843804836273,,
352,10.09701919555664,9.378342628479004,3269132,,,,,0.03582466021180153,0.036041755229234695
353,,,3278393,10.015689849853516,9.232975006103516,0.04026147350668907,0.03801054134964943,,
353,10.0958833694458,9.37690544128418,3278393,,,,,0.035777777433395386,0.0361202247440815
354,,,3287654,10.032504081726074,9.25836181640625,0.0386357307434082,0.03877900168299675,,
354,10.09732437133789,9.37650203704834,3287654,,,,,0.03599019721150398,0.0360930860042572
355,,,3296915,10.033702850341797,9.267778396606445,0.03875783458352089,0.03783457726240158,,
355,10.09820556640625,9.376347541809082,3296915,,,,,0.03608211874961853,0.03610330447554588
356,,,3306176,10.000226974487305,9.238160133361816,0.038104280829429626,0.038102295249700546,,
356,10.094207763671875,9.374463081359863,3306176,,,,,0.035866230726242065,0.03610384091734886
357,,,3315437,9.96924877166748,9.19024658203125,0.03955148160457611,0.03834856301546097,,
357,10.095805168151855,9.379093170166016,3315437,,,,,0.035732436925172806,0.035940997302532196
358,,,3324698,9.997041702270508,9.21107292175293,0.04068587347865105,0.037911828607320786,,
358,10.096491813659668,9.378997802734375,3324698,,,,,0.036013081669807434,0.035735834389925
359,,,3333959,9.997308731079102,9.223340034484863,0.03936053439974785,0.03803587332367897,,
359,10.092833518981934,9.373699188232422,3333959,,,,,0.03601314127445221,0.035901911556720734
360,,,3343220,10.022032737731934,9.231783866882324,0.037345413118600845,0.04167959466576576,,
360,10.096890449523926,9.37762451171875,3343220,,,,,0.03587684407830238,0.036051202565431595
361,,,3352481,9.998961448669434,9.218742370605469,0.03906399756669998,0.03895927220582962,,
361,10.094942092895508,9.375391006469727,3352481,,,,,0.036035213619470596,0.035920239984989166
362,,,3361742,9.978501319885254,9.209129333496094,0.03915128856897354,0.03778667747974396,,
362,10.09623908996582,9.379011154174805,3361742,,,,,0.03587424382567406,0.03584575653076172
363,,,3371003,10.01182746887207,9.242410659790039,0.03681093826889992,0.04013097658753395,,
363,10.09356689453125,9.37651252746582,3371003,,,,,0.035725709050893784,0.0359838530421257
364,,,3380264,10.021533012390137,9.241769790649414,0.039285898208618164,0.03868953511118889,,
364,10.090776443481445,9.368842124938965,3380264,,,,,0.035957373678684235,0.03623494505882263
365,,,3389525,9.993354797363281,9.222970008850098,0.038132309913635254,0.0389065183699131,,
365,10.092446327209473,9.374049186706543,3389525,,,,,0.03588979318737984,0.035948339849710464
366,,,3398786,9.976191520690918,9.19105339050293,0.039533328264951706,0.038980282843112946,,
366,10.090919494628906,9.37146282196045,3398786,,,,,0.03594275936484337,0.03600182384252548
367,,,3408047,10.008241653442383,9.224650382995605,0.03768627718091011,0.0406724214553833,,
367,10.09119701385498,9.37164306640625,3408047,,,,,0.03593985363841057,0.03601870313286781
368,,,3417308,10.036505699157715,9.26185131072998,0.03897774592041969,0.03848729655146599,,
368,10.089856147766113,9.370841026306152,3417308,,,,,0.03595833480358124,0.035943254828453064
369,,,3426569,10.005218505859375,9.225704193115234,0.04029856249690056,0.037652868777513504,,
369,10.085305213928223,9.366996765136719,3426569,,,,,0.03591105714440346,0.03591735661029816
370,,,3435830,10.024592399597168,9.248403549194336,0.0397912859916687,0.037828341126441956,,
370,10.089463233947754,9.369803428649902,3435830,,,,,0.035888150334358215,0.0360780768096447
371,,,3445091,9.999236106872559,9.220184326171875,0.038410916924476624,0.03949530050158501,,
371,10.090569496154785,9.370611190795898,3445091,,,,,0.036016859114170074,0.035977013409137726
372,,,3454352,9.973570823669434,9.201167106628418,0.037985123693943024,0.03925607353448868,,
372,10.08333969116211,9.366598129272461,3454352,,,,,0.035787686705589294,0.03588889539241791
373,,,3463613,9.993393898010254,9.220030784606934,0.03838706761598587,0.03894940763711929,,
373,10.087908744812012,9.368470191955566,3463613,,,,,0.03600652515888214,0.03593630716204643
374,,,3472874,10.000712394714355,9.237970352172852,0.03725835308432579,0.0390162467956543,,
374,10.086799621582031,9.36962604522705,3472874,,,,,0.035898689180612564,0.03581749647855759
375,,,3482135,10.002376556396484,9.233570098876953,0.03954509645700455,0.037336476147174835,,
375,10.08530330657959,9.368236541748047,3482135,,,,,0.03576580062508583,0.035939041525125504
376,,,3491396,9.998592376708984,9.228303909301758,0.03790336474776268,0.03912514075636864,,
376,10.086973190307617,9.368380546569824,3491396,,,,,0.03585829958319664,0.03600030764937401
377,,,3500657,9.98656940460205,9.219749450683594,0.03901490196585655,0.03766774758696556,,
377,10.088973999023438,9.372856140136719,3500657,,,,,0.035844285041093826,0.03576701134443283
378,,,3509918,9.975529670715332,9.21359634399414,0.03934333473443985,0.03685003146529198,,
378,10.080248832702637,9.362582206726074,3509918,,,,,0.03584854677319527,0.03591758757829666
379,,,3519179,9.979192733764648,9.198065757751465,0.04043864086270332,0.03767421469092369,,
379,10.083006858825684,9.366938591003418,3519179,,,,,0.03570491448044777,0.03590390458703041
380,,,3528440,10.016722679138184,9.243936538696289,0.03831987455487251,0.03895923122763634,,
380,10.086737632751465,9.369677543640137,3528440,,,,,0.03571989759802818,0.035988226532936096
381,,,3537701,9.977095603942871,9.206610679626465,0.03769559785723686,0.039352625608444214,,
381,10.079034805297852,9.363012313842773,3537701,,,,,0.03583163768053055,0.0357697494328022
382,,,3546962,10.00152587890625,9.218157768249512,0.037197522819042206,0.04114057123661041,,
382,10.08382797241211,9.367615699768066,3546962,,,,,0.03570423647761345,0.03591633588075638
383,,,3556223,9.983508110046387,9.213644981384277,0.03943455591797829,0.037552010267972946,,
383,10.080183982849121,9.362969398498535,3556223,,,,,0.035862430930137634,0.0358598493039608
384,,,3565484,9.968474388122559,9.201764106750488,0.038957688957452774,0.03771377354860306,,
384,10.082620620727539,9.36823558807373,3565484,,,,,0.03571270778775215,0.035726577043533325
385,,,3574745,9.987812042236328,9.226672172546387,0.037131473422050476,0.038982998579740524,,
385,10.081124305725098,9.365408897399902,3574745,,,,,0.03575437143445015,0.03581568971276283
386,,,3584006,9.979056358337402,9.206991195678711,0.038005731999874115,0.0392017737030983,,
386,10.086918830871582,9.372994422912598,3584006,,,,,0.03565678745508194,0.035738829523324966
387,,,3593267,9.991838455200195,9.20544147491455,0.03910217806696892,0.03953712433576584,,
387,10.085415840148926,9.369690895080566,3593267,,,,,0.03579917922616005,0.03577585518360138
388,,,3602528,9.989908218383789,9.223331451416016,0.039385516196489334,0.03727094829082489,,
388,10.079842567443848,9.363570213317871,3602528,,,,,0.03565496951341629,0.03597479313611984
389,,,3611789,9.97695541381836,9.201226234436035,0.037150077521800995,0.040423959493637085,,
389,10.079530715942383,9.363971710205078,3611789,,,,,0.03562430664896965,0.03593072295188904
390,,,3621050,10.002029418945312,9.207677841186523,0.04001110792160034,0.03942493721842766,,
390,10.082097053527832,9.365092277526855,3621050,,,,,0.03580421209335327,0.035894978791475296
391,,,3630311,9.994436264038086,9.208380699157715,0.038296058773994446,0.040308985859155655,,
391,10.084547996520996,9.367107391357422,3630311,,,,,0.03583325818181038,0.03591311722993851
392,,,3639572,9.990808486938477,9.208992958068848,0.04027676582336426,0.037904880940914154,,
392,10.078303337097168,9.360577583312988,3639572,,,,,0.035852085798978806,0.035918060690164566
393,,,3648833,9.990091323852539,9.213829040527344,0.03961847350001335,0.03800744563341141,,
393,10.078434944152832,9.366850852966309,3648833,,,,,0.03554736077785492,0.035609014332294464
394,,,3658094,10.04201602935791,9.25227165222168,0.04217975586652756,0.03679401054978371,,
394,10.075187683105469,9.360825538635254,3658094,,,,,0.0356815829873085,0.035757869482040405
395,,,3667355,9.978833198547363,9.202264785766602,0.03914479538798332,0.038512762635946274,,
395,10.07794189453125,9.363118171691895,3667355,,,,,0.03576721251010895,0.03571770712733269
396,,,3676616,9.991068840026855,9.215643882751465,0.039047930389642715,0.0384950265288353,,
396,10.075135231018066,9.360132217407227,3676616,,,,,0.035686615854501724,0.03581446409225464
397,,,3685877,9.998139381408691,9.221906661987305,0.039166197180747986,0.03845691680908203,,
397,10.075033187866211,9.360424041748047,3685877,,,,,0.03579903021454811,0.03566289320588112
398,,,3695138,9.98963451385498,9.22779369354248,0.03890354558825493,0.03728016838431358,,
398,10.075211524963379,9.359208106994629,3695138,,,,,0.03587287664413452,0.03572564944624901
399,,,3704399,10.005702018737793,9.228815078735352,0.03762710466980934,0.04006199911236763,,
399,10.076626777648926,9.35788631439209,3704399,,,,,0.0360075868666172,0.03586609661579132
400,,,3713660,9.966691970825195,9.214370727539062,0.03722286969423294,0.03800886124372482,,
400,10.081803321838379,9.36632251739502,3713660,,,,,0.03581777587532997,0.03573232889175415
401,,,3722921,9.993721961975098,9.215181350708008,0.03804202005267143,0.03981238231062889,,
401,10.076048851013184,9.360054969787598,3722921,,,,,0.03572288528084755,0.03587638959288597
402,,,3732182,9.967557907104492,9.207035064697266,0.037717241793870926,0.03833412379026413,,
402,10.071062088012695,9.356406211853027,3732182,,,,,0.035660773515701294,0.03580662980675697
403,,,3741443,9.990317344665527,9.221333503723145,0.03785771504044533,0.03904241323471069,,
403,10.072015762329102,9.357443809509277,3741443,,,,,0.035671938210725784,0.0357854925096035
404,,,3750704,9.993109703063965,9.232732772827148,0.03728692978620529,0.038750480860471725,,
404,10.080496788024902,9.364002227783203,3750704,,,,,0.035760391503572464,0.03588764742016792
405,,,3759965,9.958638191223145,9.200361251831055,0.037281811237335205,0.03854602947831154,,
405,10.075499534606934,9.358851432800293,3759965,,,,,0.03583744913339615,0.03582486882805824
406,,,3769226,9.986059188842773,9.218111991882324,0.03958762437105179,0.03720831498503685,,
406,10.074593544006348,9.358120918273926,3769226,,,,,0.035771772265434265,0.03587505221366882
407,,,3778487,10.01262378692627,9.232709884643555,0.039542943239212036,0.03844814747571945,,
407,10.074728965759277,9.36108112335205,3778487,,,,,0.03558247536420822,0.0357787162065506
408,,,3787748,9.970965385437012,9.19605541229248,0.03792692348361015,0.039564378559589386,,
408,10.074764251708984,9.357202529907227,3787748,,,,,0.03576095774769783,0.03599829226732254
409,,,3797009,9.989787101745605,9.21983528137207,0.03879593685269356,0.038199037313461304,,
409,10.072196006774902,9.35744857788086,3797009,,,,,0.03579099848866463,0.035682208836078644
410,,,3806270,9.981939315795898,9.218084335327148,0.037833523005247116,0.03855247050523758,,
410,10.072452545166016,9.358664512634277,3806270,,,,,0.0355791412293911,0.03580135107040405
411,,,3815531,9.972762107849121,9.203911781311035,0.03798901289701462,0.03889501839876175,,
411,10.073169708251953,9.358039855957031,3815531,,,,,0.03576846793293953,0.03574420139193535
412,,,3824792,10.018671989440918,9.222908973693848,0.04148845002055168,0.038086891174316406,,
412,10.069507598876953,9.354798316955566,3824792,,,,,0.03585248813033104,0.03561975806951523
413,,,3834053,9.98461627960205,9.205913543701172,0.03908218815922737,0.03878845274448395,,
413,10.068297386169434,9.350571632385254,3834053,,,,,0.035901959985494614,0.03586864098906517
414,,,3843314,9.979562759399414,9.197575569152832,0.03940872102975845,0.03878861665725708,,
414,10.063950538635254,9.35026741027832,3843314,,,,,0.0356348417699337,0.03573793172836304
415,,,3852575,9.971546173095703,9.205952644348145,0.036969125270843506,0.039588313549757004,,
415,10.06929874420166,9.355133056640625,3852575,,,,,0.03572498634457588,0.035692326724529266
416,,,3861836,9.974431037902832,9.192736625671387,0.03865610808134079,0.03951384499669075,,
416,10.066301345825195,9.348750114440918,3861836,,,,,0.035866521298885345,0.03588717058300972
417,,,3871097,9.99249267578125,9.21015453338623,0.03895174339413643,0.03928109630942345,,
417,10.06623649597168,9.352705001831055,3871097,,,,,0.035633496940135956,0.03572094812989235
418,,,3880358,9.9750337600708,9.195494651794434,0.03774964064359665,0.040205031633377075,,
418,10.064784049987793,9.348966598510742,3880358,,,,,0.03562165051698685,0.03596075251698494
419,,,3889619,10.009535789489746,9.217581748962402,0.03968717157840729,0.03950711712241173,,
419,10.069764137268066,9.353644371032715,3889619,,,,,0.035853490233421326,0.03575862571597099
420,,,3898880,9.962139129638672,9.201460838317871,0.038073644042015076,0.03799450397491455,,
420,10.066998481750488,9.353578567504883,3898880,,,,,0.035707026720047,0.035632580518722534
421,,,3908141,9.978440284729004,9.201383590698242,0.03931286185979843,0.03839251399040222,,
421,10.066911697387695,9.352251052856445,3908141,,,,,0.03568946197628975,0.035777799785137177
422,,,3917402,9.982125282287598,9.204146385192871,0.03924643620848656,0.038550879806280136,,
422,10.065990447998047,9.352519989013672,3917402,,,,,0.03554971143603325,0.03579584136605263
423,,,3926663,9.985532760620117,9.220868110656738,0.0387478806078434,0.03771987929940224,,
423,10.061727523803711,9.34846019744873,3926663,,,,,0.035495489835739136,0.035831350833177567
424,,,3935924,10.028552055358887,9.248231887817383,0.04024892672896385,0.03778417035937309,,
424,10.060900688171387,9.345486640930176,3935924,,,,,0.03575204312801361,0.03579196706414223
