alpha_mmd_loss,angular_mmd_loss,dmet_loss,epoch,grad_cos/alpha_mmd__rest,grad_cos/alpha_mmd__total,grad_cos/angular_mmd__rest,grad_cos/angular_mmd__total,grad_cos/dmet__rest,grad_cos/dmet__total,grad_cos/higgs_mass__rest,grad_cos/higgs_mass__total,grad_cos/huber__rest,grad_cos/huber__total,grad_cos/mass_mmd__rest,grad_cos/mass_mmd__total,grad_cos/w_mass_huber__rest,grad_cos/w_mass_huber__total,higgs_mass_loss,huber_loss,loss,loss_weight/alpha_mmd,loss_weight/angular_mmd,loss_weight/dmet,loss_weight/higgs_mass,loss_weight/huber,loss_weight/mass_mmd,loss_weight/w_mass_huber,mass_mmd_loss,step,test_alpha_mmd_loss,test_angular_mmd_loss,test_dmet_loss,test_higgs_mass_loss,test_huber_loss,test_loss,test_mass_mmd_loss,test_w_mass_huber_loss,val_alpha_mmd_loss,val_angular_mmd_loss,val_dmet_loss,val_higgs_mass_loss,val_huber_loss,val_loss,val_mass_mmd_loss,val_w_mass_huber_loss,w_mass_huber_loss
,,,0,,,,,,,,,,,,,,,,,,10.0,2000.0,1.5,50.0,100.0,10.0,2.0,,2533,,,,,,,,,,,,,,,,,
,,,0,,,,,,,,,,,,,,,,,,,,,,,,,,2533,,,,,,,,,0.05378696322441101,0.002944139065220952,0.3677486777305603,0.35383379459381104,0.16521869599819183,41.923954010009766,0.05654541775584221,0.08357390016317368,
0.06753657013177872,0.00352547038346529,0.3692832291126251,0,0.056172680109739304,0.06458307802677155,0.047791738063097,0.09187163412570953,0.06600531190633774,0.07098973542451859,-0.18992668390274048,0.9967852234840393,-0.30763426423072815,-0.23966668546199799,0.37046724557876587,0.3791249990463257,-0.04231799393892288,-0.04098733887076378,0.6949267387390137,0.1643458604812622,60.25006103515625,,,,,,,,0.06107877567410469,2533,,,,,,,,,,,,,,,,,0.08905342221260071
,,,1,,,,,,,,,,,,,,,,,,10.0,2000.0,1.5,50.0,100.0,10.0,2.0,,5067,,,,,,,,,,,,,,,,,
,,,1,,,,,,,,,,,,,,,,,,,,,,,,,,5067,,,,,,,,,0.05733068659901619,0.0028414828702807426,0.3569480776786804,0.27420681715011597,0.16273871064186096,37.50771713256836,0.05701162666082382,0.08084677159786224,
0.05527820438146591,0.0029109197203069925,0.3665544092655182,1,0.11852317303419113,0.12714748084545135,-0.25916925072669983,-0.143631711602211,0.06834647059440613,0.07137686759233475,-0.4492918848991394,0.9936806559562683,-0.5757782459259033,-0.530076801776886,0.7212401032447815,0.7267224788665771,-0.09159000217914581,-0.09036017954349518,0.37386032938957214,0.16469237208366394,42.82304382324219,,,,,,,,0.05709485337138176,5067,,,,,,,,,,,,,,,,,0.08269131928682327
,,,2,,,,,,,,,,,,,,,,,,10.0,2000.0,1.5,50.0,100.0,10.0,2.0,,7601,,,,,,,,,,,,,,,,,
,,,2,,,,,,,,,,,,,,,,,,,,,,,,,,7601,,,,,,,,,0.06003184616565704,0.00279911863617599,0.3544217050075531,0.19332031905651093,0.16189277172088623,33.33150100708008,0.05882071703672409,0.07888932526111603,
0.05571410432457924,0.002815340179949999,0.36024248600006104,2,0.10236986726522446,0.120631642639637,-0.420228511095047,-0.3209383189678192,-0.29497116804122925,-0.29043787717819214,-0.6500227451324463,0.9887197017669678,-0.643864631652832,-0.5604699850082397,0.5904098749160767,0.6011078357696533,-0.3068418800830841,-0.30455076694488525,0.3258710503578186,0.16338247060775757,40.10081100463867,,,,,,,,0.057861194014549255,7601,,,,,,,,,,,,,,,,,0.0811401754617691
,,,3,,,,,,,,,,,,,,,,,,10.0,2000.0,1.5,50.0,100.0,10.0,2.0,,10135,,,,,,,,,,,,,,,,,
,,,3,,,,,,,,,,,,,,,,,,,,,,,,,,10135,,,,,,,,,0.0649673119187355,0.0027609055396169424,0.3524635136127472,0.20883813500404358,0.15865887701511383,33.73564147949219,0.05771584063768387,0.07525790482759476,
0.060628242790699005,0.0027305306866765022,0.3537088632583618,3,-0.010685023851692677,-0.0023218579590320587,-0.6155589818954468,-0.5652203559875488,0.23997186124324799,0.2424895018339157,-0.38410675525665283,0.9960376024246216,0.19546030461788177,0.2572438418865204,-0.24785469472408295,-0.23977801203727722,0.44100478291511536,0.44202864170074463,0.29200828075408936,0.1608232855796814,38.029510498046875,,,,,,,,0.05929819494485855,10135,,,,,,,,,,,,,,,,,0.0779467448592186
,,,4,,,,,,,,,,,,,,,,,,10.0,2000.0,1.5,50.0,100.0,10.0,2.0,,12669,,,,,,,,,,,,,,,,,
,,,4,,,,,,,,,,,,,,,,,,,,,,,,,,12669,,,,,,,,,0.06859085708856583,0.0027210393454879522,0.3496420383453369,0.20847110450267792,0.15502864122390747,33.259376525878906,0.05359741672873497,0.07224978506565094,
0.06434807181358337,0.0026799070183187723,0.34737321734428406,4,0.1515221893787384,0.16272667050361633,-0.7232304811477661,-0.6442535519599915,0.06019676849246025,0.06257767975330353,-0.7134850025177002,0.9926571249961853,-0.18364723026752472,-0.11033878475427628,-0.05372447520494461,-0.04557323455810547,0.014798944815993309,0.01616606116294861,0.2699805200099945,0.15812323987483978,36.55925369262695,,,,,,,,0.05738518014550209,12669,,,,,,,,,,,,,,,,,0.07484011352062225
,,,5,,,,,,,,,,,,,,,,,,10.0,2000.0,1.5,50.0,100.0,10.0,2.0,,15203,,,,,,,,,,,,,,,,,
,,,5,,,,,,,,,,,,,,,,,,,,,,,,,,15203,,,,,,,,,0.06272321939468384,0.0027021775022149086,0.346256822347641,0.20075064897537231,0.154570534825325,32.693607330322266,0.05049410089850426,0.07155443727970123,
0.06315894424915314,0.0026576295495033264,0.3454401195049286,5,-0.14763589203357697,-0.1357877254486084,0.26052016019821167,0.374686062335968,0.37234488129615784,0.3743433952331543,0.42830610275268555,0.9940655827522278,0.14283275604248047,0.22455275058746338,-0.220720574259758,-0.2118542492389679,0.22863686084747314,0.23006950318813324,0.2518385946750641,0.15640535950660706,35.38176727294922,,,,,,,,0.0538468062877655,15203,,,,,,,,,,,,,,,,,0.07287877798080444
,,,6,,,,,,,,,,,,,,,,,,10.0,2000.0,1.5,50.0,100.0,10.0,2.0,,17737,,,,,,,,,,,,,,,,,
,,,6,,,,,,,,,,,,,,,,,,,,,,,,,,17737,,,,,,,,,0.058890201151371,0.0027101885061711073,0.3432244658470154,0.19133634865283966,0.15291911363601685,31.984710693359375,0.04635656997561455,0.06915221363306046,
0.059995491057634354,0.0026495344936847687,0.3427969813346863,6,-0.0147909726947546,-0.005673506297171116,-0.07607501745223999,0.09461131691932678,0.617732048034668,0.6197174787521362,0.17475666105747223,0.9888666868209839,0.3542747497558594,0.4212740659713745,-0.49209147691726685,-0.4873672127723694,0.31102102994918823,0.31240659952163696,0.23918330669403076,0.15455865859985352,34.476402282714844,,,,,,,,0.05053553357720375,17737,,,,,,,,,,,,,,,,,0.07142998278141022
,,,7,,,,,,,,,,,,,,,,,,10.0,2000.0,1.5,50.0,100.0,10.0,2.0,,20271,,,,,,,,,,,,,,,,,
,,,7,,,,,,,,,,,,,,,,,,,,,,,,,,20271,,,,,,,,,0.04425835981965065,0.0026492266915738583,0.34052783250808716,0.22892259061336517,0.1502244472503662,33.246986389160156,0.0392933115363121,0.06683093309402466,
0.05180767923593521,0.0026267345529049635,0.3399970531463623,7,0.2464877814054489,0.2548392415046692,-0.19726087152957916,-0.12333519756793976,0.13279765844345093,0.13494513928890228,-0.3075137138366699,0.9931327700614929,-0.2704780101776123,-0.18548524379730225,-0.01878303289413452,-0.00963316485285759,-0.0946541577577591,-0.09315977245569229,0.23274463415145874,0.1522732377052307,33.738948822021484,,,,,,,,0.04546520486474037,20271,,,,,,,,,,,,,,,,,0.0691138505935669
,,,8,,,,,,,,,,,,,,,,,,10.0,2000.0,1.5,50.0,100.0,10.0,2.0,,22805,,,,,,,,,,,,,,,,,
,,,8,,,,,,,,,,,,,,,,,,,,,,,,,,22805,,,,,,,,,0.035846058279275894,0.0026539957616478205,0.33790290355682373,0.184669628739357,0.14530344307422638,30.437711715698242,0.037055693566799164,0.06501129269599915,
0.04029891639947891,0.0025973839219659567,0.33643653988838196,8,-0.48801523447036743,-0.47925102710723877,-0.10002568364143372,0.017260175198316574,0.013340301811695099,0.017134061083197594,0.08425003290176392,0.9928324818611145,0.30399376153945923,0.3709471523761749,-0.12922504544258118,-0.12052663415670395,0.5352309942245483,0.5365976691246033,0.22976809740066528,0.14867258071899414,32.994422912597656,,,,,,,,0.040239788591861725,22805,,,,,,,,,,,,,,,,,0.06697244942188263
,,,9,,,,,,,,,,,,,,,,,,10.0,2000.0,1.5,50.0,100.0,10.0,2.0,,25339,,,,,,,,,,,,,,,,,
,,,9,,,,,,,,,,,,,,,,,,,,,,,,,,25339,,,,,,,,,0.0320519395172596,0.0026600973214954138,0.329035222530365,0.1665843427181244,0.14191988110542297,29.180145263671875,0.03950683772563934,0.06478893011808395,
0.03394555673003197,0.002577695529907942,0.3345978260040283,9,-0.34423571825027466,-0.3334130644798279,-0.05900193378329277,0.15930725634098053,-0.20890364050865173,-0.2064557820558548,-0.17217393219470978,0.9707922339439392,-0.26258742809295654,-0.17486754059791565,0.23107567429542542,0.24339157342910767,-0.11916620284318924,-0.1174979880452156,0.2242882251739502,0.14471663534641266,32.21331024169922,,,,,,,,0.03982173651456833,25339,,,,,,,,,,,,,,,,,0.0661599263548851
,,,10,,,,,,,,,,,,,,,,,,10.0,2000.0,1.5,50.0,100.0,10.0,2.0,,27873,,,,,,,,,,,,,,,,,
,,,10,,,,,,,,,,,,,,,,,,,,,,,,,,27873,,,,,,,,,0.028522737324237823,0.0027077009435743093,0.3285711407661438,0.16415619850158691,0.14145132899284363,29.0792293548584,0.039781972765922546,0.06748826056718826,
0.030170364305377007,0.0025780692230910063,0.3302692770957947,10,0.08006754517555237,0.09026526659727097,-0.31604334712028503,-0.18301700055599213,0.08116237819194794,0.08328494429588318,-0.2657223045825958,0.985694408416748,0.004523833282291889,0.08883486688137054,-0.006785418372601271,0.005134780891239643,0.23810835182666779,0.24000152945518494,0.21698829531669617,0.14173783361911774,31.50732421875,,,,,,,,0.039817579090595245,27873,,,,,,,,,,,,,,,,,0.06631967425346375
,,,11,,,,,,,,,,,,,,,,,,10.0,2000.0,1.5,50.0,100.0,10.0,2.0,,30407,,,,,,,,,,,,,,,,,
,,,11,,,,,,,,,,,,,,,,,,,,,,,,,,30407,,,,,,,,,0.02555566094815731,0.002664304804056883,0.32948654890060425,0.16257070004940033,0.13916029036045074,28.627235412597656,0.03688303008675575,0.0677192434668541,
0.0278597641736269,0.002576942788437009,0.32844728231430054,11,0.1913348287343979,0.20273911952972412,0.1486581563949585,0.3493291735649109,0.5555100440979004,0.5583096146583557,0.2677209675312042,0.9760441780090332,0.40743643045425415,0.45964542031288147,-0.1466154009103775,-0.13858944177627563,0.4919149875640869,0.49323004484176636,0.20978793501853943,0.13993418216705322,30.928495407104492,,,,,,,,0.03882960230112076,30407,,,,,,,,,,,,,,,,,0.06611334532499313
,,,12,,,,,,,,,,,,,,,,,,10.0,2000.0,1.5,50.0,100.0,10.0,2.0,,32941,,,,,,,,,,,,,,,,,
,,,12,,,,,,,,,,,,,,,,,,,,,,,,,,32941,,,,,,,,,0.02430567890405655,0.0026725290808826685,0.32725778222084045,0.1682373285293579,0.13808399438858032,28.790504455566406,0.035624079406261444,0.06749946624040604,
0.026817437261343002,0.0025717976968735456,0.32818299531936646,12,-0.16862139105796814,-0.1604376882314682,0.27369657158851624,0.41010552644729614,0.4284544587135315,0.43096694350242615,0.3991883099079132,0.9889554381370544,0.44144248962402344,0.4810402989387512,-0.1245286613702774,-0.11808823049068451,0.5548914670944214,0.55596923828125,0.2040640264749527,0.13878242671489716,30.49652099609375,,,,,,,,0.037940025329589844,32941,,,,,,,,,,,,,,,,,0.06581190973520279
,,,13,,,,,,,,,,,,,,,,,,10.0,2000.0,1.5,50.0,100.0,10.0,2.0,,35475,,,,,,,,,,,,,,,,,
,,,13,,,,,,,,,,,,,,,,,,,,,,,,,,35475,,,,,,,,,0.020721476525068283,0.0026801605708897114,0.3269416093826294,0.16198791563510895,0.13775663077831268,28.41501235961914,0.034808557480573654,0.0669667050242424,
0.025431601330637932,0.0025670945178717375,0.32793158292770386,13,-0.24922601878643036,-0.243464857339859,0.1312917321920395,0.24968141317367554,-0.42431116104125977,-0.4224035441875458,0.06575608998537064,0.9919617176055908,-0.18237081170082092,-0.13948282599449158,0.4384903609752655,0.4427633285522461,0.1613801270723343,0.16306355595588684,0.19842660427093506,0.13811472058296204,30.107973098754883,,,,,,,,0.036372944712638855,35475,,,,,,,,,,,,,,,,,0.06553538143634796
,,,14,,,,,,,,,,,,,,,,,,10.0,2000.0,1.5,50.0,100.0,10.0,2.0,,38009,,,,,,,,,,,,,,,,,
,,,14,,,,,,,,,,,,,,,,,,,,,,,,,,38009,,,,,,,,,0.023691512644290924,0.002638405654579401,0.3294725716114044,0.15678220987319946,0.13670408725738525,28.006078720092773,0.03572745621204376,0.06567502021789551,
0.025055278092622757,0.0025649394374340773,0.32749316096305847,14,-0.4211493730545044,-0.4078272581100464,0.6053533554077148,0.7062562108039856,0.12071854621171951,0.12343908846378326,0.49846339225769043,0.990031361579895,-0.2860702574253082,-0.21931079030036926,0.3303161561489105,0.3385636508464813,0.15491709113121033,0.1572985053062439,0.1950361579656601,0.1375921368598938,29.881229400634766,,,,,,,,0.036735016852617264,38009,,,,,,,,,,,,,,,,,0.06556909531354904
,,,15,,,,,,,,,,,,,,,,,,10.0,2000.0,1.5,50.0,100.0,10.0,2.0,,40543,,,,,,,,,,,,,,,,,
,,,15,,,,,,,,,,,,,,,,,,,,,,,,,,40543,,,,,,,,,0.021432315930724144,0.0026382652577012777,0.32490143179893494,0.16410553455352783,0.1362275928258896,28.27409553527832,0.033347237855196,0.06718750298023224,
0.024271918460726738,0.002562121953815222,0.3265599012374878,15,0.11138966679573059,0.12398254871368408,-0.37549862265586853,-0.2525881826877594,0.014896828681230545,0.017821162939071655,-0.2683796286582947,0.9924403429031372,0.1601388305425644,0.21699869632720947,0.1611437350511551,0.1677047163248062,0.3936436176300049,0.3953874707221985,0.18958906829357147,0.13707908987998962,29.535520553588867,,,,,,,,0.036078017204999924,40543,,,,,,,,,,,,,,,,,0.06526453047990799
,,,16,,,,,,,,,,,,,,,,,,10.0,2000.0,1.5,50.0,100.0,10.0,2.0,,43077,,,,,,,,,,,,,,,,,
,,,16,,,,,,,,,,,,,,,,,,,,,,,,,,43077,,,,,,,,,0.02454269863665104,0.002622135914862156,0.3237608075141907,0.13209791481494904,0.13650009036064148,26.7150936126709,0.035343922674655914,0.06570339947938919,
0.02422201819717884,0.0025699192192405462,0.3260376751422882,16,0.4113583266735077,0.41970887780189514,0.029394593089818954,0.1715361773967743,0.12294718623161316,0.12515871226787567,-0.1336662769317627,0.9837993383407593,-0.36406341195106506,-0.30847302079200745,-0.042700789868831635,-0.034686461091041565,-0.5486419796943665,-0.547386109828949,0.187337264418602,0.1365073174238205,29.379167556762695,,,,,,,,0.03601035475730896,43077,,,,,,,,,,,,,,,,,0.06517559289932251
,,,17,,,,,,,,,,,,,,,,,,10.0,2000.0,1.5,50.0,100.0,10.0,2.0,,45611,,,,,,,,,,,,,,,,,
,,,17,,,,,,,,,,,,,,,,,,,,,,,,,,45611,,,,,,,,,0.023276852443814278,0.0026301259640604258,0.33117952942848206,0.16061080992221832,0.13554935157299042,28.027751922607422,0.03236247971653938,0.06443111598491669,
0.022411860525608063,0.0025628262665122747,0.32571423053741455,17,-0.17027628421783447,-0.1583109349012375,-0.016134023666381836,0.11958958208560944,0.35955774784088135,0.3621273636817932,0.18245643377304077,0.9894164800643921,0.5314919352531433,0.5695890784263611,0.039682939648628235,0.04780369624495506,0.6263395547866821,0.627564549446106,0.1830126941204071,0.13614854216575623,29.072389602661133,,,,,,,,0.03384552523493767,45611,,,,,,,,,,,,,,,,,0.06506270170211792
,,,18,,,,,,,,,,,,,,,,,,10.0,2000.0,1.5,50.0,100.0,10.0,2.0,,48145,,,,,,,,,,,,,,,,,
,,,18,,,,,,,,,,,,,,,,,,,,,,,,,,48145,,,,,,,,,0.024038389325141907,0.0026723751798272133,0.33842143416404724,0.14776302874088287,0.13603365421295166,27.570310592651367,0.035482257604599,0.06559210270643234,
0.02228078804910183,0.002570202574133873,0.32633742690086365,18,0.048656437546014786,0.05894869565963745,-0.04193578660488129,0.19249999523162842,0.575227677822113,0.578604519367218,0.07086410373449326,0.9697141051292419,0.38915392756462097,0.4395294487476349,0.07250610738992691,0.0810394212603569,0.5064325928688049,0.507671594619751,0.18246321380138397,0.13582134246826172,29.02632713317871,,,,,,,,0.03396272286772728,48145,,,,,,,,,,,,,,,,,0.06434518843889236
,,,19,,,,,,,,,,,,,,,,,,10.0,2000.0,1.5,50.0,100.0,10.0,2.0,,50679,,,,,,,,,,,,,,,,,
,,,19,,,,,,,,,,,,,,,,,,,,,,,,,,50679,,,,,,,,,0.018939612433314323,0.002635817276313901,0.3267715573310852,0.13627581298351288,0.1348232626914978,26.692058563232422,0.031367313116788864,0.06553608924150467,
0.021509040147066116,0.002563536399975419,0.32606714963912964,19,-0.4627692699432373,-0.4570061266422272,0.3099900484085083,0.49999484419822693,0.10842691361904144,0.11031227558851242,0.33307650685310364,0.9794836640357971,0.03971982002258301,0.08189594000577927,0.11726853996515274,0.12211776524782181,0.3110341727733612,0.31242990493774414,0.17956416308879852,0.1355256885290146,28.82324981689453,,,,,,,,0.033192895352840424,50679,,,,,,,,,,,,,,,,,0.06462842971086502
,,,20,,,,,,,,,,,,,,,,,,10.0,2000.0,1.5,50.0,100.0,10.0,2.0,,53213,,,,,,,,,,,,,,,,,
,,,20,,,,,,,,,,,,,,,,,,,,,,,,,,53213,,,,,,,,,0.02089608646929264,0.002684560604393482,0.3246549963951111,0.16378706693649292,0.13516734540462494,28.222917556762695,0.03209787607192993,0.06539025157690048,
0.021242506802082062,0.0025619103107601404,0.3255307674407959,20,-0.12393824011087418,-0.11329318583011627,0.08104290813207626,0.18461695313453674,0.2820225954055786,0.28579404950141907,0.31500205397605896,0.9926638603210449,0.5431961417198181,0.5836980938911438,0.026555299758911133,0.03516679257154465,0.35575762391090393,0.3576725423336029,0.17592968046665192,0.13524213433265686,28.605152130126953,,,,,,,,0.03316253796219826,53213,,,,,,,,,,,,,,,,,0.0641539916396141
,,,21,,,,,,,,,,,,,,,,,,10.0,2000.0,1.5,50.0,100.0,10.0,2.0,,55747,,,,,,,,,,,,,,,,,
,,,21,,,,,,,,,,,,,,,,,,,,,,,,,,55747,,,,,,,,,0.021812090650200844,0.0026585999876260757,0.32818377017974854,0.1465383768081665,0.13452553749084473,27.2618350982666,0.032556500285863876,0.06461925804615021,
0.021629998460412025,0.0025643331464380026,0.3254500925540924,21,0.1968841850757599,0.2056635171175003,0.27598896622657776,0.3819671869277954,0.42170730233192444,0.4235827326774597,0.3912333846092224,0.9917197227478027,0.43086984753608704,0.4696583151817322,-0.035373587161302567,-0.027624038979411125,0.3005068898200989,0.30302536487579346,0.1721491813659668,0.135196715593338,28.42137336730957,,,,,,,,0.033190857619047165,55747,,,,,,,,,,,,,,,,,0.06459557265043259
,,,22,,,,,,,,,,,,,,,,,,10.0,2000.0,1.5,50.0,100.0,10.0,2.0,,58281,,,,,,,,,,,,,,,,,
,,,22,,,,,,,,,,,,,,,,,,,,,,,,,,58281,,,,,,,,,0.020359285175800323,0.002606195630505681,0.3289313018321991,0.13409511744976044,0.13534611463546753,26.6014404296875,0.0321122407913208,0.0657801702618599,
0.020826006308197975,0.0025573885068297386,0.3260214030742645,22,-0.19272083044052124,-0.18275237083435059,-0.03531382232904434,0.45356300473213196,0.06558631360530853,0.06956730782985687,-0.049639806151390076,0.8775352835655212,-0.23895026743412018,-0.1816844642162323,0.31475576758384705,0.3214470148086548,-0.33258408308029175,-0.330763578414917,0.17053012549877167,0.13479681313037872,28.275646209716797,,,,,,,,0.032914116978645325,58281,,,,,,,,,,,,,,,,,0.06411091983318329
,,,23,,,,,,,,,,,,,,,,,,10.0,2000.0,1.5,50.0,100.0,10.0,2.0,,60815,,,,,,,,,,,,,,,,,
,,,23,,,,,,,,,,,,,,,,,,,,,,,,,,60815,,,,,,,,,0.020264403894543648,0.0026533242780715227,0.32603466510772705,0.13448771834373474,0.1340404748916626,26.558610916137695,0.030105436220765114,0.06539621949195862,
0.02099398709833622,0.0025635322090238333,0.3259464204311371,23,-0.19832177460193634,-0.18748082220554352,-0.2596595287322998,-0.13298779726028442,0.35095086693763733,0.35397660732269287,-0.20889025926589966,0.9859523177146912,0.044504564255476,0.11639159917831421,0.2845494747161865,0.2922324538230896,0.25801360607147217,0.2604532241821289,0.16978567838668823,0.13473452627658844,28.2458553314209,,,,,,,,0.0328601710498333,60815,,,,,,,,,,,,,,,,,0.06428129971027374
,,,24,,,,,,,,,,,,,,,,,,10.0,2000.0,1.5,50.0,100.0,10.0,2.0,,63349,,,,,,,,,,,,,,,,,
,,,24,,,,,,,,,,,,,,,,,,,,,,,,,,63349,,,,,,,,,0.0218970850110054,0.0026112182531505823,0.3267820477485657,0.13674959540367126,0.13417409360408783,26.63343048095703,0.03185467794537544,0.06420309841632843,
0.021036721765995026,0.0025548620615154505,0.32563647627830505,24,-0.12312714010477066,-0.10294374823570251,-0.5342532992362976,-0.44638606905937195,0.25412407517433167,0.25601625442504883,-0.45908626914024353,0.9927211999893188,0.10346848517656326,0.15673710405826569,-0.0997132956981659,-0.08495844900608063,0.20293955504894257,0.20435994863510132,0.1668446660041809,0.13445815443992615,28.052490234375,,,,,,,,0.03275444731116295,63349,,,,,,,,,,,,,,,,,0.0641631931066513
,,,25,,,,,,,,,,,,,,,,,,10.0,2000.0,1.5,50.0,100.0,10.0,2.0,,65883,,,,,,,,,,,,,,,,,
,,,25,,,,,,,,,,,,,,,,,,,,,,,,,,65883,,,,,,,,,0.02097303979098797,0.0026571345515549183,0.3275824785232544,0.12471464276313782,0.1341100037097931,26.13044548034668,0.033882614225149155,0.06474602222442627,
0.020119251683354378,0.002564626047387719,0.32534584403038025,25,-0.21108697354793549,-0.20430198311805725,0.13554544746875763,0.21608957648277283,0.13445007801055908,0.13694480061531067,-0.14437180757522583,0.9966453313827515,-0.4759789705276489,-0.4343389868736267,0.22663649916648865,0.2325601875782013,-0.21228638291358948,-0.21062543988227844,0.16243216395378113,0.13441172242164612,27.837804794311523,,,,,,,,0.032897356897592545,65883,,,,,,,,,,,,,,,,,0.0637829378247261
,,,26,,,,,,,,,,,,,,,,,,10.0,2000.0,1.5,50.0,100.0,10.0,2.0,,68417,,,,,,,,,,,,,,,,,
,,,26,,,,,,,,,,,,,,,,,,,,,,,,,,68417,,,,,,,,,0.020292041823267937,0.0026135684456676245,0.32802051305770874,0.10691819339990616,0.1333017200231552,25.033363342285156,0.0310590211302042,0.06229791417717934,
0.02055116556584835,0.002557790372520685,0.3259127140045166,26,0.08608320355415344,0.1308533251285553,0.2457437515258789,0.37048783898353577,0.20479823648929596,0.20775622129440308,0.23460204899311066,0.9890238046646118,0.0015791170299053192,0.05430847406387329,-0.11613383889198303,-0.09395868331193924,-0.07508254051208496,-0.07143703103065491,0.16098499298095703,0.13416388630867004,27.727294921875,,,,,,,,0.03230256214737892,68417,,,,,,,,,,,,,,,,,0.06434392184019089
,,,27,,,,,,,,,,,,,,,,,,10.0,2000.0,1.5,50.0,100.0,10.0,2.0,,70951,,,,,,,,,,,,,,,,,
,,,27,,,,,,,,,,,,,,,,,,,,,,,,,,70951,,,,,,,,,0.019926583394408226,0.002626019297167659,0.32767581939697266,0.10140935331583023,0.13312308490276337,24.753019332885742,0.030129723250865936,0.06306758522987366,
0.01961222104728222,0.0025586853735148907,0.32585039734840393,27,0.5076044797897339,0.5172288417816162,0.5758707523345947,0.6978520750999451,0.011914602480828762,0.014862164855003357,0.49121689796447754,0.9849398136138916,-0.3186562955379486,-0.26748043298721313,-0.05542084202170372,-0.04736653342843056,-0.16667409241199493,-0.16497717797756195,0.1587899774312973,0.1338403970003128,27.573795318603516,,,,,,,,0.032076191157102585,70951,,,,,,,,,,,,,,,,,0.06360923498868942
,,,28,,,,,,,,,,,,,,,,,,10.0,2000.0,1.5,50.0,100.0,10.0,2.0,,73485,,,,,,,,,,,,,,,,,
,,,28,,,,,,,,,,,,,,,,,,,,,,,,,,73485,,,,,,,,,0.021591614931821823,0.0026099151000380516,0.32973381876945496,0.12249275296926498,0.13310270011425018,25.814712524414062,0.03221100568771362,0.0636705681681633,
0.019825739786028862,0.002560727298259735,0.3271694779396057,28,0.3859160542488098,0.3973390758037567,-0.010473033413290977,0.14723271131515503,0.46614351868629456,0.46903195977211,0.030912332236766815,0.9855225682258606,-0.023617206141352654,0.042630113661289215,0.05170082300901413,0.06435856223106384,0.013126470148563385,0.016257591545581818,0.16044040024280548,0.13378866016864777,27.651094436645508,,,,,,,,0.03134063631296158,73485,,,,,,,,,,,,,,,,,0.06317318975925446
,,,29,,,,,,,,,,,,,,,,,,10.0,2000.0,1.5,50.0,100.0,10.0,2.0,,76019,,,,,,,,,,,,,,,,,
,,,29,,,,,,,,,,,,,,,,,,,,,,,,,,76019,,,,,,,,,0.02142082154750824,0.002637364435940981,0.32777732610702515,0.1259107142686844,0.13272126019001007,25.985715866088867,0.031011901795864105,0.06366240978240967,
0.019731512293219566,0.002553893020376563,0.326412171125412,29,-0.20874758064746857,-0.19103185832500458,0.08066463470458984,0.3189227879047394,-0.21548187732696533,-0.2102794647216797,0.005309440195560455,0.9641750454902649,-0.10336865484714508,-0.028881892561912537,-0.0006719008088111877,0.019881080836057663,0.2711472809314728,0.27413105964660645,0.15740743279457092,0.13373501598834991,27.48337745666504,,,,,,,,0.0318051353096962,76019,,,,,,,,,,,,,,,,,0.06335821747779846
,,,30,,,,,,,,,,,,,,,,,,10.0,2000.0,1.5,50.0,100.0,10.0,2.0,,78553,,,,,,,,,,,,,,,,,
,,,30,,,,,,,,,,,,,,,,,,,,,,,,,,78553,,,,,,,,,0.019233042374253273,0.0026340819895267487,0.33185091614723206,0.14963330328464508,0.13390779495239258,27.283329010009766,0.03227175772190094,0.06493815779685974,
0.019665388390421867,0.0025577223859727383,0.3261946439743042,30,0.2314101755619049,0.24066650867462158,-0.0021304823458194733,0.06334484368562698,0.3475457429885864,0.34983694553375244,0.33988243341445923,0.9950907826423645,0.4617631435394287,0.5158466100692749,0.054851971566677094,0.06196855008602142,0.563071072101593,0.564809262752533,0.154804989695549,0.1335199475288391,27.34254264831543,,,,,,,,0.0322415828704834,78553,,,,,,,,,,,,,,,,,0.06321446597576141
,,,31,,,,,,,,,,,,,,,,,,10.0,2000.0,1.5,50.0,100.0,10.0,2.0,,81087,,,,,,,,,,,,,,,,,
,,,31,,,,,,,,,,,,,,,,,,,,,,,,,,81087,,,,,,,,,0.015952741727232933,0.002591797849163413,0.32470187544822693,0.11697792261838913,0.13320086896419525,25.427583694458008,0.029974929988384247,0.06433506309986115,
0.01956336200237274,0.002564436523243785,0.32579442858695984,31,-0.09870879352092743,-0.08902304619550705,-0.00459720753133297,0.32733991742134094,-0.2406514585018158,-0.23743586242198944,-0.02422790229320526,0.9451779127120972,-0.26086118817329407,-0.2189406305551529,0.3537645936012268,0.35891127586364746,-0.04244813323020935,-0.04029369354248047,0.15070024132728577,0.13334229588508606,27.134889602661133,,,,,,,,0.03256472572684288,81087,,,,,,,,,,,,,,,,,0.06343068182468414
,,,32,,,,,,,,,,,,,,,,,,10.0,2000.0,1.5,50.0,100.0,10.0,2.0,,83621,,,,,,,,,,,,,,,,,
,,,32,,,,,,,,,,,,,,,,,,,,,,,,,,83621,,,,,,,,,0.020081453025341034,0.0026049059815704823,0.3269452452659607,0.11271895468235016,0.13286906480789185,25.254732131958008,0.030355364084243774,0.06363897770643234,
0.018686814233660698,0.002549972152337432,0.3259309232234955,32,-0.38290026783943176,-0.370017409324646,-0.02672704868018627,0.18888327479362488,-0.0020781531929969788,0.0014174394309520721,-0.0643044263124466,0.9807400107383728,-0.18656067550182343,-0.11778904497623444,-0.10444806516170502,-0.09272705018520355,0.1069660484790802,0.1089668869972229,0.15175308287143707,0.1330605149269104,27.106088638305664,,,,,,,,0.031045768409967422,83621,,,,,,,,,,,,,,,,,0.06312619894742966
,,,33,,,,,,,,,,,,,,,,,,10.0,2000.0,1.5,50.0,100.0,10.0,2.0,,86155,,,,,,,,,,,,,,,,,
,,,33,,,,,,,,,,,,,,,,,,,,,,,,,,86155,,,,,,,,,0.020561764016747475,0.002622582484036684,0.3251585066318512,0.12079882621765137,0.1334349662065506,25.756175994873047,0.03054310753941536,0.06438732892274857,
0.0189720056951046,0.002557918429374695,0.3261359930038452,33,-0.01945030502974987,-0.006890907883644104,0.2823958694934845,0.4468212127685547,-0.2508884370326996,-0.2490704357624054,0.1772306263446808,0.9818068146705627,-0.23428380489349365,-0.17816174030303955,-0.14250826835632324,-0.13218241930007935,0.05858227610588074,0.06037949025630951,0.15050186216831207,0.13313423097133636,27.074432373046875,,,,,,,,0.031501978635787964,86155,,,,,,,,,,,,,,,,,0.06304337829351425
,,,34,,,,,,,,,,,,,,,,,,10.0,2000.0,1.5,50.0,100.0,10.0,2.0,,88689,,,,,,,,,,,,,,,,,
,,,34,,,,,,,,,,,,,,,,,,,,,,,,,,88689,,,,,,,,,0.016718458384275436,0.002599102444946766,0.32930341362953186,0.1440897136926651,0.1327766627073288,26.75363540649414,0.028172073885798454,0.06520671397447586,
0.019189059734344482,0.0025592290330678225,0.325918585062027,34,0.1741148680448532,0.18222998082637787,-0.0015294556505978107,0.12812310457229614,0.47722238302230835,0.48134762048721313,0.27944114804267883,0.9927231669425964,0.5451313853263855,0.5790748000144958,-0.08494167029857635,-0.07556246221065521,0.5050169229507446,0.5065175890922546,0.14762617647647858,0.1330890953540802,26.931100845336914,,,,,,,,0.03148302435874939,88689,,,,,,,,,,,,,,,,,0.06342385709285736
,,,35,,,,,,,,,,,,,,,,,,10.0,2000.0,1.5,50.0,100.0,10.0,2.0,,91223,,,,,,,,,,,,,,,,,
,,,35,,,,,,,,,,,,,,,,,,,,,,,,,,91223,,,,,,,,,0.01933741755783558,0.0026178418193012476,0.3272079825401306,0.14644847810268402,0.1327897310256958,26.938993453979492,0.028894439339637756,0.06438176333904266,
0.018844902515411377,0.0025519002228975296,0.3255471885204315,35,-0.2971060574054718,-0.2861548066139221,0.13156896829605103,0.24210131168365479,0.40280914306640625,0.40643227100372314,0.08412499725818634,0.9926938414573669,0.1887725591659546,0.227666974067688,-0.552619218826294,-0.5386449098587036,0.3231065571308136,0.3240545392036438,0.14614760875701904,0.13279911875724792,26.806293487548828,,,,,,,,0.03126666694879532,91223,,,,,,,,,,,,,,,,,0.062884621322155
,,,36,,,,,,,,,,,,,,,,,,10.0,2000.0,1.5,50.0,100.0,10.0,2.0,,93757,,,,,,,,,,,,,,,,,
,,,36,,,,,,,,,,,,,,,,,,,,,,,,,,93757,,,,,,,,,0.01982809044420719,0.002630927599966526,0.32698264718055725,0.11736857891082764,0.13247282803058624,25.51097297668457,0.03187781199812889,0.06292542070150375,
0.0181278083473444,0.002553035272285342,0.3254709541797638,36,0.07586058974266052,0.10654076933860779,-0.3718535900115967,-0.07064515352249146,0.12207192182540894,0.12832970917224884,-0.2527789771556854,0.9517320990562439,0.3139983117580414,0.39650586247444153,-0.038930583745241165,-0.027671966701745987,0.12381316721439362,0.1274111121892929,0.1441679745912552,0.13275516033172607,26.69428062438965,,,,,,,,0.030968287959694862,93757,,,,,,,,,,,,,,,,,0.06254585087299347
,,,37,,,,,,,,,,,,,,,,,,10.0,2000.0,1.5,50.0,100.0,10.0,2.0,,96291,,,,,,,,,,,,,,,,,
,,,37,,,,,,,,,,,,,,,,,,,,,,,,,,96291,,,,,,,,,0.01935366354882717,0.002658855402842164,0.32993537187576294,0.10258250683546066,0.13146060705184937,24.687042236328125,0.028059598058462143,0.06255178153514862,
0.018354451283812523,0.0025523307267576456,0.32650840282440186,37,0.2592873275279999,0.2717733681201935,-0.010732686147093773,0.11844397336244583,-0.09373354911804199,-0.09021834284067154,-0.12018708884716034,0.9919153451919556,-0.35195934772491455,-0.29467904567718506,0.10375344753265381,0.11976113170385361,-0.2549569308757782,-0.25281834602355957,0.14416572451591492,0.13248789310455322,26.665447235107422,,,,,,,,0.030600255355238914,96291,,,,,,,,,,,,,,,,,0.06221417710185051
,,,38,,,,,,,,,,,,,,,,,,10.0,2000.0,1.5,50.0,100.0,10.0,2.0,,98825,,,,,,,,,,,,,,,,,
,,,38,,,,,,,,,,,,,,,,,,,,,,,,,,98825,,,,,,,,,0.01585053652524948,0.0025939461775124073,0.32707712054252625,0.1061774268746376,0.13223738968372345,24.77297019958496,0.027829451486468315,0.06252405047416687,
0.018756240606307983,0.002555475104600191,0.32625147700309753,38,-0.19129209220409393,-0.17865194380283356,-0.14777708053588867,0.10557354241609573,-0.14060935378074646,-0.1380474865436554,-0.21277974545955658,0.969907283782959,-0.41649341583251953,-0.3752981722354889,0.3378758430480957,0.3442387282848358,-0.19169211387634277,-0.18996304273605347,0.14557671546936035,0.13262632489204407,26.76178550720215,,,,,,,,0.030654199421405792,98825,,,,,,,,,,,,,,,,,0.062937431037426
,,,39,,,,,,,,,,,,,,,,,,10.0,2000.0,1.5,50.0,100.0,10.0,2.0,,101359,,,,,,,,,,,,,,,,,
,,,39,,,,,,,,,,,,,,,,,,,,,,,,,,101359,,,,,,,,,0.019724026322364807,0.0026240835431963205,0.329325407743454,0.11899279803037643,0.1320011019706726,25.50775909423828,0.029248669743537903,0.06305994093418121,
0.01787380687892437,0.002549816621467471,0.3261236846446991,39,-0.48210275173187256,-0.47027650475502014,0.3854745328426361,0.5894503593444824,-0.012746663764119148,-0.009337387979030609,0.33332890272140503,0.9671418070793152,0.13523714244365692,0.19406463205814362,-0.27347683906555176,-0.2662721872329712,0.29835858941078186,0.3003198206424713,0.1422525942325592,0.13221672177314758,26.518848419189453,,,,,,,,0.029312919825315475,101359,,,,,,,,,,,,,,,,,0.061929523944854736
,,,40,,,,,,,,,,,,,,,,,,10.0,2000.0,1.5,50.0,100.0,10.0,2.0,,103893,,,,,,,,,,,,,,,,,
,,,40,,,,,,,,,,,,,,,,,,,,,,,,,,103893,,,,,,,,,0.019502203911542892,0.0026360799092799425,0.3281726837158203,0.1118384376168251,0.13150882720947266,25.11521339416504,0.028706040233373642,0.06295542418956757,
0.01793818548321724,0.0025465493090450764,0.3264784812927246,40,-0.08401748538017273,-0.0661437064409256,-0.30494019389152527,-0.07077924907207489,0.05966339632868767,0.0638233944773674,-0.3899955153465271,0.9706685543060303,-0.34285420179367065,-0.2703356444835663,0.013566285371780396,0.02434036135673523,-0.30997297167778015,-0.30750396847724915,0.14234605431556702,0.13231082260608673,26.52948760986328,,,,,,,,0.02952439896762371,103893,,,,,,,,,,,,,,,,,0.061818674206733704
,,,41,,,,,,,,,,,,,,,,,,10.0,2000.0,1.5,50.0,100.0,10.0,2.0,,106427,,,,,,,,,,,,,,,,,
,,,41,,,,,,,,,,,,,,,,,,,,,,,,,,106427,,,,,,,,,0.0172833614051342,0.002660111989825964,0.32727357745170593,0.11047571897506714,0.13185787200927734,25.089088439941406,0.02701609954237938,0.06270518153905869,
0.017952462658286095,0.0025597442872822285,0.32660606503486633,41,-0.8994489908218384,-0.896882176399231,0.7361165881156921,0.8771219849586487,0.5616190433502197,0.5624178647994995,0.7188894748687744,0.9658471941947937,0.44979625940322876,0.474278062582016,0.494875431060791,0.5012211799621582,0.8834091424942017,0.8839210271835327,0.14010082185268402,0.13203001022338867,26.420616149902344,,,,,,,,0.02996145375072956,106427,,,,,,,,,,,,,,,,,0.06200992688536644
,,,42,,,,,,,,,,,,,,,,,,10.0,2000.0,1.5,50.0,100.0,10.0,2.0,,108961,,,,,,,,,,,,,,,,,
,,,42,,,,,,,,,,,,,,,,,,,,,,,,,,108961,,,,,,,,,0.018446190282702446,0.0025867088697850704,0.3253711462020874,0.10751182585954666,0.1320982277393341,24.861770629882812,0.030256956815719604,0.06393295526504517,
0.01740434765815735,0.00255210162140429,0.3256140649318695,42,-0.36780595779418945,-0.35618534684181213,0.2603219747543335,0.41227564215660095,-0.19182473421096802,-0.18834611773490906,0.09103093296289444,0.9822145104408264,-0.2825089693069458,-0.22931987047195435,0.1833733767271042,0.19226112961769104,0.08136077970266342,0.08395936340093613,0.1364881545305252,0.13200178742408752,26.22055435180664,,,,,,,,0.030555330216884613,108961,,,,,,,,,,,,,,,,,0.0618857741355896
,,,43,,,,,,,,,,,,,,,,,,10.0,2000.0,1.5,50.0,100.0,10.0,2.0,,111495,,,,,,,,,,,,,,,,,
,,,43,,,,,,,,,,,,,,,,,,,,,,,,,,111495,,,,,,,,,0.018360061571002007,0.0026439856737852097,0.3268989026546478,0.10596846789121628,0.1317279040813446,24.836271286010742,0.027756864205002785,0.06277617812156677,
0.01691565103828907,0.002548969117924571,0.3257604241371155,43,-0.1389729529619217,-0.12196866422891617,0.027918413281440735,0.21386867761611938,0.04678092896938324,0.050696153193712234,0.002497553825378418,0.9820001125335693,-0.10025814175605774,-0.033805083483457565,0.1478363275527954,0.15593774616718292,-0.5385040640830994,-0.5373235940933228,0.1370903104543686,0.131964311003685,26.227684020996094,,,,,,,,0.02965930849313736,111495,,,,,,,,,,,,,,,,,0.062184952199459076
,,,44,,,,,,,,,,,,,,,,,,10.0,2000.0,1.5,50.0,100.0,10.0,2.0,,114029,,,,,,,,,,,,,,,,,
,,,44,,,,,,,,,,,,,,,,,,,,,,,,,,114029,,,,,,,,,0.016872508451342583,0.0026188467163592577,0.3261865973472595,0.12572850286960602,0.1320735216140747,25.792457580566406,0.027551401406526566,0.06374149769544601,
0.01703786477446556,0.0025455167051404715,0.3260372281074524,44,-0.3497246503829956,-0.34120211005210876,-0.2705259323120117,-0.06510257720947266,0.3962040841579437,0.39910489320755005,-0.2134682834148407,0.9759915471076965,0.2951514720916748,0.33589115738868713,0.24409078061580658,0.24909213185310364,0.296553373336792,0.2982368767261505,0.13564176857471466,0.1317884474992752,26.128650665283203,,,,,,,,0.029369214549660683,114029,,,,,,,,,,,,,,,,,0.061767227947711945
,,,45,,,,,,,,,,,,,,,,,,10.0,2000.0,1.5,50.0,100.0,10.0,2.0,,116563,,,,,,,,,,,,,,,,,
,,,45,,,,,,,,,,,,,,,,,,,,,,,,,,116563,,,,,,,,,0.017476951703429222,0.0025827845092862844,0.32487550377845764,0.09957696497440338,0.1314561516046524,24.36508560180664,0.02880346216261387,0.06246861070394516,
0.016645856201648712,0.0025467202067375183,0.3265105187892914,45,0.2643720507621765,0.27876269817352295,0.327750563621521,0.5968114137649536,-0.10990943014621735,-0.10497690737247467,0.32702672481536865,0.9505423903465271,-0.02251424267888069,0.034965500235557556,0.23250456154346466,0.24254362285137177,0.10354584455490112,0.10565338283777237,0.13876767456531525,0.13178880512714386,26.28689193725586,,,,,,,,0.029694706201553345,116563,,,,,,,,,,,,,,,,,0.06152662634849548
,,,46,,,,,,,,,,,,,,,,,,10.0,2000.0,1.5,50.0,100.0,10.0,2.0,,119097,,,,,,,,,,,,,,,,,
,,,46,,,,,,,,,,,,,,,,,,,,,,,,,,119097,,,,,,,,,0.01814229041337967,0.0025937610771507025,0.32843998074531555,0.11262082308530807,0.13101010024547577,25.008970260620117,0.02901184931397438,0.06260045617818832,
0.017543168738484383,0.0025499158073216677,0.32610616087913513,46,0.4367923140525818,0.44490912556648254,0.045922618359327316,0.23182529211044312,0.12486642599105835,0.1273363083600998,0.04924749583005905,0.9800443053245544,0.025815214961767197,0.06592382490634918,-0.2468763291835785,-0.24173279106616974,-0.32709479331970215,-0.3257705569267273,0.13568289577960968,0.13146452605724335,26.108081817626953,,,,,,,,0.028992928564548492,119097,,,,,,,,,,,,,,,,,0.06158452853560448
,,,47,,,,,,,,,,,,,,,,,,10.0,2000.0,1.5,50.0,100.0,10.0,2.0,,121631,,,,,,,,,,,,,,,,,
,,,47,,,,,,,,,,,,,,,,,,,,,,,,,,121631,,,,,,,,,0.015701808035373688,0.00259396992623806,0.32853075861930847,0.12260504066944122,0.1314665526151657,25.514345169067383,0.027313049882650375,0.06327050924301147,
0.017157671973109245,0.002556530060246587,0.32613685727119446,47,-0.27403271198272705,-0.26555851101875305,0.17596280574798584,0.38184165954589844,0.3059866428375244,0.30859485268592834,0.13422434031963348,0.9670471549034119,0.20038697123527527,0.2575233280658722,0.126410573720932,0.13284431397914886,0.293376088142395,0.29523760080337524,0.13340847194194794,0.13139504194259644,26.001148223876953,,,,,,,,0.029444623738527298,121631,,,,,,,,,,,,,,,,,0.06146663427352905
,,,48,,,,,,,,,,,,,,,,,,10.0,2000.0,1.5,50.0,100.0,10.0,2.0,,124165,,,,,,,,,,,,,,,,,
,,,48,,,,,,,,,,,,,,,,,,,,,,,,,,124165,,,,,,,,,0.01610732264816761,0.0025926230009645224,0.3283807933330536,0.12528574466705322,0.1313071846961975,25.635265350341797,0.027711311355233192,0.06212935224175453,
0.016949832439422607,0.0025520657654851675,0.32621926069259644,48,0.029989086091518402,0.04551248252391815,-0.18288876116275787,0.023342885076999664,-0.07516877353191376,-0.07229889929294586,-0.1516304314136505,0.9798722863197327,0.024951864033937454,0.07664553821086884,-0.029963763430714607,-0.021178847178816795,0.25598472356796265,0.25799819827079773,0.13177987933158875,0.13145102560520172,25.912221908569336,,,,,,,,0.029249729588627815,124165,,,,,,,,,,,,,,,,,0.0613350048661232
,,,49,,,,,,,,,,,,,,,,,,10.0,2000.0,1.5,50.0,100.0,10.0,2.0,,126699,,,,,,,,,,,,,,,,,
,,,49,,,,,,,,,,,,,,,,,,,,,,,,,,126699,,,,,,,,,0.01721195876598358,0.0025888679083436728,0.33080071210861206,0.08965151011943817,0.13005894422531128,23.730640411376953,0.027469389140605927,0.06071203947067261,
0.016510803252458572,0.002541651949286461,0.3271435499191284,49,-0.4030640125274658,-0.3946443498134613,0.11089356243610382,0.22086745500564575,-0.4029211401939392,-0.39990442991256714,-0.11667069047689438,0.9913874864578247,-0.38881176710128784,-0.34899476170539856,-0.14864711463451385,-0.14351831376552582,-0.39324384927749634,-0.39204227924346924,0.13193929195404053,0.1312643587589264,25.87725067138672,,,,,,,,0.029253588989377022,126699,,,,,,,,,,,,,,,,,0.06111137941479683
,,,50,,,,,,,,,,,,,,,,,,10.0,2000.0,1.5,50.0,100.0,10.0,2.0,,129233,,,,,,,,,,,,,,,,,
,,,50,,,,,,,,,,,,,,,,,,,,,,,,,,129233,,,,,,,,,0.016936637461185455,0.0025719827972352505,0.33029410243034363,0.09724259376525879,0.13077758252620697,24.14010238647461,0.027257632464170456,0.05942826718091965,
0.016394780948758125,0.0025536897592246532,0.32718515396118164,50,0.2732103765010834,0.2821556031703949,-0.3471333980560303,-0.2827133536338806,-0.0684032067656517,-0.06605377793312073,-0.46882593631744385,0.9971152544021606,-0.47587472200393677,-0.4437604546546936,0.4301058053970337,0.43499934673309326,-0.7167878150939941,-0.7161597013473511,0.13074685633182526,0.13113638758659363,25.824426651000977,,,,,,,,0.02898615039885044,129233,,,,,,,,,,,,,,,,,0.06074313819408417
,,,51,,,,,,,,,,,,,,,,,,10.0,2000.0,1.5,50.0,100.0,10.0,2.0,,131767,,,,,,,,,,,,,,,,,
,,,51,,,,,,,,,,,,,,,,,,,,,,,,,,131767,,,,,,,,,0.01836514100432396,0.0025859137531369925,0.3326420187950134,0.09439988434314728,0.13014571368694305,23.978504180908203,0.026996266096830368,0.05976416915655136,
0.016353080049157143,0.0025410938542336226,0.32720115780830383,51,0.2767051160335541,0.2914218604564667,-0.16160111129283905,0.00854884646832943,-0.27552419900894165,-0.2722512483596802,-0.1246429979801178,0.9831106662750244,-0.07049886882305145,0.0260382741689682,0.18537786602973938,0.204967200756073,-0.2719215452671051,-0.26904889941215515,0.12872593104839325,0.13110077381134033,25.68906593322754,,,,,,,,0.02857879363000393,131767,,,,,,,,,,,,,,,,,0.06019384786486626
,,,52,,,,,,,,,,,,,,,,,,10.0,2000.0,1.5,50.0,100.0,10.0,2.0,,134301,,,,,,,,,,,,,,,,,
,,,52,,,,,,,,,,,,,,,,,,,,,,,,,,134301,,,,,,,,,0.01993313990533352,0.0026241326704621315,0.33623334765434265,0.1148015633225441,0.1305343359708786,25.14887046813965,0.02826724760234356,0.06036398187279701,
0.016330992802977562,0.0025417222641408443,0.32884013652801514,52,0.05687011033296585,0.07235987484455109,0.22246870398521423,0.33364108204841614,0.5465883016586304,0.5509463548660278,0.3446195721626282,0.9908435344696045,0.34218770265579224,0.3942546844482422,-0.11477282643318176,-0.10499858856201172,0.39360469579696655,0.3951740860939026,0.13201989233493805,0.1311408132314682,25.861352920532227,,,,,,,,0.028581008315086365,134301,,,,,,,,,,,,,,,,,0.060230985283851624
,,,53,,,,,,,,,,,,,,,,,,10.0,2000.0,1.5,50.0,100.0,10.0,2.0,,136835,,,,,,,,,,,,,,,,,
,,,53,,,,,,,,,,,,,,,,,,,,,,,,,,136835,,,,,,,,,0.016339853405952454,0.0025753260124474764,0.33004069328308105,0.10773103684186935,0.13111427426338196,24.704998016357422,0.02745809592306614,0.061662305146455765,
0.01667679287493229,0.002543109003454447,0.32866019010543823,53,-0.3508395850658417,-0.3435209393501282,-0.1115822121500969,0.0017324350774288177,0.08774566650390625,0.09007098525762558,-0.18319442868232727,0.9908995628356934,-0.16026513278484344,-0.11957401037216187,0.10764322429895401,0.11353300511837006,-0.0391857735812664,-0.03757286071777344,0.12906493246555328,0.1312597393989563,25.74397850036621,,,,,,,,0.029731832444667816,136835,,,,,,,,,,,,,,,,,0.060728468000888824
,,,54,,,,,,,,,,,,,,,,,,10.0,2000.0,1.5,50.0,100.0,10.0,2.0,,139369,,,,,,,,,,,,,,,,,
,,,54,,,,,,,,,,,,,,,,,,,,,,,,,,139369,,,,,,,,,0.015050426125526428,0.0026270372327417135,0.3291512727737427,0.08702445775270462,0.13050717115402222,23.691173553466797,0.02702074684202671,0.06036043539643288,
0.01626695692539215,0.0025434561539441347,0.32702887058258057,54,-0.2579558491706848,-0.24187836050987244,-0.2798858880996704,-0.05831824988126755,-0.04208895564079285,-0.03839229792356491,-0.38928622007369995,0.9732184410095215,-0.5793871283531189,-0.5545705556869507,-0.1768728792667389,-0.16285136342048645,-0.535495400428772,-0.5344150066375732,0.12529215216636658,0.13093698024749756,25.512523651123047,,,,,,,,0.029331425204873085,139369,,,,,,,,,,,,,,,,,0.06038646399974823
,,,55,,,,,,,,,,,,,,,,,,10.0,2000.0,1.5,50.0,100.0,10.0,2.0,,141903,,,,,,,,,,,,,,,,,
,,,55,,,,,,,,,,,,,,,,,,,,,,,,,,141903,,,,,,,,,0.016998043283820152,0.0026409998536109924,0.3314518332481384,0.11968212574720383,0.13080564141273499,25.420896530151367,0.02849426120519638,0.061070699244737625,
0.01611638441681862,0.0025442608166486025,0.3276631236076355,55,-0.33766576647758484,-0.33362218737602234,-0.004721247591078281,0.08908221870660782,0.10665594786405563,0.10866308212280273,-0.08157236874103546,0.9946921467781067,-0.16942182183265686,-0.1382419914007187,-0.07575231790542603,-0.071213498711586,-0.02281993068754673,-0.02082892693579197,0.1270350217819214,0.1309507042169571,25.599275588989258,,,,,,,,0.029067397117614746,141903,,,,,,,,,,,,,,,,,0.06030216068029404
,,,56,,,,,,,,,,,,,,,,,,10.0,2000.0,1.5,50.0,100.0,10.0,2.0,,144437,,,,,,,,,,,,,,,,,
,,,56,,,,,,,,,,,,,,,,,,,,,,,,,,144437,,,,,,,,,0.016363846138119698,0.0025798985734581947,0.32848119735717773,0.12402261048555374,0.13083849847316742,25.501623153686523,0.02777368202805519,0.06138094514608383,
0.015513223595917225,0.0025513051077723503,0.3270752727985382,56,-0.09870873391628265,-0.08510542660951614,0.12774577736854553,0.28835761547088623,0.4753369390964508,0.4789360761642456,0.2804521918296814,0.9850262403488159,0.5002975463867188,0.539130449295044,0.11056427657604218,0.12093744426965714,0.4308990240097046,0.4328479766845703,0.12478446960449219,0.1306951940059662,25.462841033935547,,,,,,,,0.028584934771060944,144437,,,,,,,,,,,,,,,,,0.05996600538492203
,,,57,,,,,,,,,,,,,,,,,,10.0,2000.0,1.5,50.0,100.0,10.0,2.0,,146971,,,,,,,,,,,,,,,,,
,,,57,,,,,,,,,,,,,,,,,,,,,,,,,,146971,,,,,,,,,0.015725120902061462,0.002576318336650729,0.33112797141075134,0.09764694422483444,0.13059760630130768,24.124469757080078,0.02565019205212593,0.059641335159540176,
0.01580957882106304,0.0025415336713194847,0.32822906970977783,57,0.09571781754493713,0.11371728777885437,0.07213689386844635,0.6583755016326904,-0.105614073574543,-0.1015840470790863,0.053499896079301834,0.8022928833961487,-0.38123786449432373,-0.31974661350250244,0.47595226764678955,0.4855912923812866,-0.17536872625350952,-0.17261667549610138,0.1277596652507782,0.13070052862167358,25.592615127563477,,,,,,,,0.028150243684649467,146971,,,,,,,,,,,,,,,,,0.05979518964886665
,,,58,,,,,,,,,,,,,,,,,,10.0,2000.0,1.5,50.0,100.0,10.0,2.0,,149505,,,,,,,,,,,,,,,,,
,,,58,,,,,,,,,,,,,,,,,,,,,,,,,,149505,,,,,,,,,0.015870794653892517,0.002585889305919409,0.3296452462673187,0.1087350994348526,0.13044002652168274,24.694873809814453,0.02652137354016304,0.06197228655219078,
0.015442504547536373,0.00253730034455657,0.3273446559906006,58,-0.12405502796173096,-0.11004798114299774,-0.4362129867076874,-0.22958865761756897,0.03674441948533058,0.04146595299243927,-0.45137855410575867,0.974338948726654,-0.16904181241989136,-0.10115456581115723,0.41039037704467773,0.418062686920166,-0.09223712235689163,-0.08970245718955994,0.12420094758272171,0.1307007521390915,25.399917602539062,,,,,,,,0.0279979445040226,149505,,,,,,,,,,,,,,,,,0.059893228113651276
,,,59,,,,,,,,,,,,,,,,,,10.0,2000.0,1.5,50.0,100.0,10.0,2.0,,152039,,,,,,,,,,,,,,,,,
,,,59,,,,,,,,,,,,,,,,,,,,,,,,,,152039,,,,,,,,,0.014610583893954754,0.0025881098117679358,0.3312859833240509,0.09510987997055054,0.1302952766418457,23.996469497680664,0.027334406971931458,0.05942778289318085,
0.015596127137541771,0.0025367788039147854,0.3283160924911499,59,0.12771689891815186,0.15395388007164001,0.14917753636837006,0.33628594875335693,-0.13750648498535156,-0.13342514634132385,-0.03265291824936867,0.9790538549423218,-0.5401053428649902,-0.49745965003967285,-0.24566704034805298,-0.23472942411899567,-0.6643134355545044,-0.6628326177597046,0.1245255172252655,0.1306319385766983,25.412954330444336,,,,,,,,0.028247350826859474,152039,,,,,,,,,,,,,,,,,0.05950310453772545
,,,60,,,,,,,,,,,,,,,,,,10.0,2000.0,1.5,50.0,100.0,10.0,2.0,,154573,,,,,,,,,,,,,,,,,
,,,60,,,,,,,,,,,,,,,,,,,,,,,,,,154573,,,,,,,,,0.014676639810204506,0.0025700211990624666,0.3370204567909241,0.12981466948986053,0.13117815554141998,25.78501319885254,0.026219652965664864,0.060958199203014374,
0.015372789464890957,0.0025492499116808176,0.3285686671733856,60,-0.3071749210357666,-0.28728723526000977,0.18753176927566528,0.42530491948127747,0.28002461791038513,0.28844380378723145,0.23369956016540527,0.9656000137329102,0.2562936544418335,0.32339420914649963,0.01049802266061306,0.02240888960659504,0.1528049111366272,0.15548016130924225,0.12314113229513168,0.13051600754261017,25.361709594726562,,,,,,,,0.02891816943883896,154573,,,,,,,,,,,,,,,,,0.05942079424858093
,,,61,,,,,,,,,,,,,,,,,,10.0,2000.0,1.5,50.0,100.0,10.0,2.0,,157107,,,,,,,,,,,,,,,,,
,,,61,,,,,,,,,,,,,,,,,,,,,,,,,,157107,,,,,,,,,0.015531581826508045,0.002604372799396515,0.3304331600666046,0.10234015434980392,0.12996532022953033,24.355321884155273,0.02616884931921959,0.060189250856637955,
0.015146235935389996,0.0025452380068600178,0.3284304738044739,61,-0.5637385845184326,-0.5517534017562866,-0.16855208575725555,-0.056500062346458435,0.036310698837041855,0.039595142006874084,0.04956073313951492,0.9923681616783142,0.34582090377807617,0.4320994019508362,-0.44704920053482056,-0.4335225224494934,0.45886871218681335,0.4613915979862213,0.1234230101108551,0.1303006112575531,25.33049774169922,,,,,,,,0.027567794546484947,157107,,,,,,,,,,,,,,,,,0.059514548629522324
,,,62,,,,,,,,,,,,,,,,,,10.0,2000.0,1.5,50.0,100.0,10.0,2.0,,159641,,,,,,,,,,,,,,,,,
,,,62,,,,,,,,,,,,,,,,,,,,,,,,,,159641,,,,,,,,,0.017629167065024376,0.0026121167466044426,0.32756686210632324,0.11095897853374481,0.13019822537899017,24.854902267456055,0.027394279837608337,0.06066044047474861,
0.015442394651472569,0.002543536014854908,0.32557594776153564,62,0.5202650427818298,0.5279107093811035,0.34988144040107727,0.5108727216720581,0.06847977638244629,0.07148551940917969,0.3458147644996643,0.9811426401138306,0.031422048807144165,0.07936854660511017,0.10949601233005524,0.11604989320039749,-0.05050770938396454,-0.04915095120668411,0.12050648778676987,0.13034573197364807,25.19459342956543,,,,,,,,0.02847672812640667,159641,,,,,,,,,,,,,,,,,0.06003526598215103
,,,63,,,,,,,,,,,,,,,,,,10.0,2000.0,1.5,50.0,100.0,10.0,2.0,,162175,,,,,,,,,,,,,,,,,
,,,63,,,,,,,,,,,,,,,,,,,,,,,,,,162175,,,,,,,,,0.015627015382051468,0.0025725916493684053,0.3343684673309326,0.11008845269680023,0.13016898930072784,24.710634231567383,0.026522532105445862,0.06053585186600685,
0.014990700408816338,0.002531328471377492,0.3283557593822479,63,-0.3953320384025574,-0.3806087374687195,-0.3235974609851837,-0.1395656168460846,-0.17402169108390808,-0.17046713829040527,-0.48011305928230286,0.984218955039978,-0.5011191368103027,-0.4543641209602356,-0.06655249744653702,-0.05839299410581589,-0.21347001194953918,-0.21114946901798248,0.12182837724685669,0.1302841752767563,25.224353790283203,,,,,,,,0.02809496968984604,162175,,,,,,,,,,,,,,,,,0.059227604418992996
,,,64,,,,,,,,,,,,,,,,,,10.0,2000.0,1.5,50.0,100.0,10.0,2.0,,164709,,,,,,,,,,,,,,,,,
,,,64,,,,,,,,,,,,,,,,,,,,,,,,,,164709,,,,,,,,,0.014884485863149166,0.0026139968540519476,0.33605366945266724,0.12170479446649551,0.12988875806331635,25.3409366607666,0.026636898517608643,0.05976616591215134,
0.014955886639654636,0.002538805129006505,0.3289544880390167,64,-0.013195129111409187,0.0002010837197303772,-0.35345155000686646,-0.06135771423578262,-0.3904605209827423,-0.38483455777168274,-0.3851076066493988,0.9517209529876709,-0.1474577933549881,-0.08065348118543625,-0.03723474591970444,-0.02793586254119873,-0.030385855585336685,-0.027720903977751732,0.12191278487443924,0.13024984300136566,25.242422103881836,,,,,,,,0.02826768159866333,164709,,,,,,,,,,,,,,,,,0.05927024036645889
,,,65,,,,,,,,,,,,,,,,,,10.0,2000.0,1.5,50.0,100.0,10.0,2.0,,167243,,,,,,,,,,,,,,,,,
,,,65,,,,,,,,,,,,,,,,,,,,,,,,,,167243,,,,,,,,,0.015281334519386292,0.00257577165029943,0.3316075801849365,0.12838052213191986,0.12998679280281067,25.59941291809082,0.026081541553139687,0.05956338718533516,
0.01493063010275364,0.002536070067435503,0.32842645049095154,65,0.07613804936408997,0.08887738734483719,-0.13242609798908234,0.07229575514793396,0.31018465757369995,0.3126901388168335,-0.03267868608236313,0.9751600027084351,0.4686865210533142,0.5044200420379639,0.0819006860256195,0.09162140637636185,0.39680761098861694,0.39855340123176575,0.11887484043836594,0.1300051361322403,25.05801010131836,,,,,,,,0.02818840928375721,167243,,,,,,,,,,,,,,,,,0.05889919400215149
,,,66,,,,,,,,,,,,,,,,,,10.0,2000.0,1.5,50.0,100.0,10.0,2.0,,169777,,,,,,,,,,,,,,,,,
,,,66,,,,,,,,,,,,,,,,,,,,,,,,,,169777,,,,,,,,,0.013917364180088043,0.0025814115069806576,0.3299369812011719,0.11228736490011215,0.1300298571586609,24.78727149963379,0.025440199300646782,0.059300992637872696,
0.014622635208070278,0.002544064074754715,0.32800763845443726,66,-0.046908922493457794,-0.035738591104745865,-0.012770213186740875,0.12138676643371582,0.20447874069213867,0.2073884904384613,0.07518412172794342,0.9891234040260315,0.25424468517303467,0.29457515478134155,0.3114626109600067,0.3194025754928589,0.28288984298706055,0.2848668098449707,0.11724814772605896,0.1300470381975174,24.990903854370117,,,,,,,,0.027987845242023468,169777,,,,,,,,,,,,,,,,,0.05875737965106964
,,,67,,,,,,,,,,,,,,,,,,10.0,2000.0,1.5,50.0,100.0,10.0,2.0,,172311,,,,,,,,,,,,,,,,,
,,,67,,,,,,,,,,,,,,,,,,,,,,,,,,172311,,,,,,,,,0.015618488192558289,0.0025968400295823812,0.3302950859069824,0.09431031346321106,0.12942922115325928,23.878713607788086,0.02556489408016205,0.059658512473106384,
0.014315232634544373,0.002541501773521304,0.32720187306404114,67,0.13081073760986328,0.1454658955335617,0.08312112092971802,0.2549303472042084,-0.30648618936538696,-0.30269449949264526,-0.005999395623803139,0.9856811761856079,-0.34185704588890076,-0.289410799741745,-0.012096744030714035,-0.0018243268132209778,-0.3551229238510132,-0.3531176745891571,0.11634597182273865,0.1299900859594345,24.927824020385742,,,,,,,,0.027663618326187134,172311,,,,,,,,,,,,,,,,,0.05897430703043938
,,,68,,,,,,,,,,,,,,,,,,10.0,2000.0,1.5,50.0,100.0,10.0,2.0,,174845,,,,,,,,,,,,,,,,,
,,,68,,,,,,,,,,,,,,,,,,,,,,,,,,174845,,,,,,,,,0.01653556153178215,0.002589656738564372,0.3322063386440277,0.09169425815343857,0.1292208880186081,23.72606086730957,0.025908462703227997,0.05859850347042084,
0.014371991157531738,0.0025439595337957144,0.3269750475883484,68,0.23385681211948395,0.2427731454372406,-0.30010223388671875,-0.12477336823940277,-0.3532973527908325,-0.3512326776981354,-0.38600197434425354,0.9859529733657837,-0.47604039311408997,-0.4436926543712616,0.028233734890818596,0.03376350924372673,-0.5741974115371704,-0.5732104778289795,0.11573512852191925,0.129950150847435,24.898536682128906,,,,,,,,0.027683502063155174,174845,,,,,,,,,,,,,,,,,0.05890519171953201
,,,69,,,,,,,,,,,,,,,,,,10.0,2000.0,1.5,50.0,100.0,10.0,2.0,,177379,,,,,,,,,,,,,,,,,
,,,69,,,,,,,,,,,,,,,,,,,,,,,,,,177379,,,,,,,,,0.015281210653483868,0.0025833304971456528,0.33311864733695984,0.1184384673833847,0.12958668172359467,25.09092140197754,0.027270544320344925,0.059224680066108704,
0.01434867549687624,0.00254069734364748,0.32818344235420227,69,0.17136870324611664,0.17863483726978302,0.45430001616477966,0.5920723676681519,0.055931027978658676,0.05918243154883385,0.45984935760498047,0.9867836236953735,-0.03627870976924896,0.009117462672293186,0.025808114558458328,0.033913951367139816,-0.2357521802186966,-0.2339232712984085,0.11596602946519852,0.12984351813793182,24.89285659790039,,,,,,,,0.027566947042942047,177379,,,,,,,,,,,,,,,,,0.05870410054922104
,,,70,,,,,,,,,,,,,,,,,,10.0,2000.0,1.5,50.0,100.0,10.0,2.0,,179913,,,,,,,,,,,,,,,,,
,,,70,,,,,,,,,,,,,,,,,,,,,,,,,,179913,,,,,,,,,0.014558239839971066,0.002593336161226034,0.3273991346359253,0.12753848731517792,0.12940296530723572,25.52387046813965,0.026337385177612305,0.059961654245853424,
0.014125067740678787,0.002541100140661001,0.3278122544288635,70,0.4890243411064148,0.4965623617172241,0.1712026596069336,0.39236214756965637,0.07143630087375641,0.07377932965755463,0.2014222890138626,0.9741277694702148,0.025085262954235077,0.054451245814561844,-0.168379008769989,-0.1585197001695633,-0.0455605685710907,-0.044227831065654755,0.11507713794708252,0.12971144914627075,24.839092254638672,,,,,,,,0.02810431644320488,179913,,,,,,,,,,,,,,,,,0.05893572047352791
,,,71,,,,,,,,,,,,,,,,,,10.0,2000.0,1.5,50.0,100.0,10.0,2.0,,182447,,,,,,,,,,,,,,,,,
,,,71,,,,,,,,,,,,,,,,,,,,,,,,,,182447,,,,,,,,,0.014813017100095749,0.0025917033199220896,0.3314930200576782,0.11882587522268295,0.12968838214874268,25.131195068359375,0.027309229597449303,0.05959903821349144,
0.01460212841629982,0.0025426119100302458,0.3279475271701813,71,-0.7616109848022461,-0.754978597164154,-0.38154688477516174,-0.13982392847537994,0.5041675567626953,0.5062130689620972,-0.40516144037246704,0.9666485786437988,-0.0028866641223430634,0.0304463692009449,0.16508840024471283,0.17575670778751373,0.3444788455963135,0.34642669558525085,0.11356004327535629,0.12969227135181427,24.77539825439453,,,,,,,,0.028740908950567245,182447,,,,,,,,,,,,,,,,,0.058802202343940735
,,,72,,,,,,,,,,,,,,,,,,10.0,2000.0,1.5,50.0,100.0,10.0,2.0,,184981,,,,,,,,,,,,,,,,,
,,,72,,,,,,,,,,,,,,,,,,,,,,,,,,184981,,,,,,,,,0.014054091647267342,0.002585300011560321,0.33065158128738403,0.13641086220741272,0.13000240921974182,26.00737953186035,0.026090258732438087,0.05928748846054077,
0.013938221149146557,0.00253671663813293,0.32749974727630615,72,-0.02753295749425888,-0.021226974204182625,0.1423850655555725,0.21811489760875702,0.31509706377983093,0.3167370855808258,0.2569841742515564,0.9964470863342285,0.4828912913799286,0.5008365511894226,-0.14639389514923096,-0.14151506125926971,0.7080662250518799,0.7086980938911438,0.11358349770307541,0.1296546906232834,24.744585037231445,,,,,,,,0.027843374758958817,184981,,,,,,,,,,,,,,,,,0.0587177649140358
,,,73,,,,,,,,,,,,,,,,,,10.0,2000.0,1.5,50.0,100.0,10.0,2.0,,187515,,,,,,,,,,,,,,,,,
,,,73,,,,,,,,,,,,,,,,,,,,,,,,,,187515,,,,,,,,,0.015349414199590683,0.002590356394648552,0.33586740493774414,0.10674303025007248,0.1293715238571167,24.492055892944336,0.026236867532134056,0.058683574199676514,
0.014070259407162666,0.00253178714774549,0.32664528489112854,73,0.31533125042915344,0.3258681893348694,0.11641008406877518,0.3147544860839844,0.2512698769569397,0.256054162979126,0.08789316564798355,0.9751124978065491,-0.06638697534799576,0.000526009127497673,-0.06992025673389435,-0.055523138493299484,-0.05394529551267624,-0.0509263314306736,0.11300978064537048,0.12974219024181366,24.710853576660156,,,,,,,,0.02736969105899334,187515,,,,,,,,,,,,,,,,,0.05911753699183464
,,,74,,,,,,,,,,,,,,,,,,10.0,2000.0,1.5,50.0,100.0,10.0,2.0,,190049,,,,,,,,,,,,,,,,,
,,,74,,,,,,,,,,,,,,,,,,,,,,,,,,190049,,,,,,,,,0.014971046708524227,0.002586355898529291,0.3333866000175476,0.12089991569519043,0.12931714951992035,25.19158172607422,0.027248336002230644,0.05993868410587311,
0.013807195238769054,0.002537704072892666,0.32727593183517456,74,-0.2362256795167923,-0.22038742899894714,-0.3434501588344574,-0.07525774836540222,0.145516037940979,0.14985868334770203,-0.3124094605445862,0.9589800238609314,0.13554497063159943,0.2029789537191391,0.051254771649837494,0.06384236365556717,0.3642116189002991,0.36636319756507874,0.11263363808393478,0.12969368696212769,24.701568603515625,,,,,,,,0.027806757017970085,190049,,,,,,,,,,,,,,,,,0.059017613530159
,,,75,,,,,,,,,,,,,,,,,,10.0,2000.0,1.5,50.0,100.0,10.0,2.0,,192583,,,,,,,,,,,,,,,,,
,,,75,,,,,,,,,,,,,,,,,,,,,,,,,,192583,,,,,,,,,0.013057740405201912,0.0025851065292954445,0.3341541588306427,0.14009761810302734,0.12956860661506653,26.137144088745117,0.02543599344789982,0.05951199308037758,
0.013655461370944977,0.0025250178296118975,0.328586608171463,75,-0.32219788432121277,-0.3132604658603668,-0.2510146200656891,-0.14103537797927856,0.3398991823196411,0.34260666370391846,-0.057682104408741,0.9919721484184265,0.5043409466743469,0.5366734266281128,0.2053271234035492,0.2163955420255661,0.6091877222061157,0.6103104948997498,0.11152766644954681,0.12946832180023193,24.596513748168945,,,,,,,,0.027667222544550896,192583,,,,,,,,,,,,,,,,,0.05857706069946289
,,,76,,,,,,,,,,,,,,,,,,10.0,2000.0,1.5,50.0,100.0,10.0,2.0,,195117,,,,,,,,,,,,,,,,,
,,,76,,,,,,,,,,,,,,,,,,,,,,,,,,195117,,,,,,,,,0.014581596478819847,0.0025833523832261562,0.3326992392539978,0.1055879294872284,0.1287936568260193,24.340044021606445,0.025358475744724274,0.05807068943977356,
0.01342736929655075,0.0025263919960707426,0.32777950167655945,76,-0.4619072377681732,-0.4450831115245819,0.018147403374314308,0.21310147643089294,0.09735597670078278,0.10243628919124603,-0.02302580699324608,0.9743256568908691,0.03413264825940132,0.10988350957632065,0.24920061230659485,0.2617402672767639,0.28134894371032715,0.2844489812850952,0.11076367646455765,0.12948083877563477,24.55562973022461,,,,,,,,0.027465375140309334,195117,,,,,,,,,,,,,,,,,0.05798468738794327
,,,77,,,,,,,,,,,,,,,,,,10.0,2000.0,1.5,50.0,100.0,10.0,2.0,,197651,,,,,,,,,,,,,,,,,
,,,77,,,,,,,,,,,,,,,,,,,,,,,,,,197651,,,,,,,,,0.015289113856852055,0.0025800932198762894,0.33078762888908386,0.08740700036287308,0.1287475824356079,23.438213348388672,0.026729581877589226,0.05827748775482178,
0.01373616699129343,0.002531522884964943,0.3276192545890808,77,0.25811702013015747,0.26890838146209717,-0.28742337226867676,-0.20261959731578827,-0.15661950409412384,-0.15398940443992615,-0.3198639452457428,0.9951171875,-0.3661566972732544,-0.33902546763420105,0.23579847812652588,0.2497847080230713,-0.5046172738075256,-0.5033368468284607,0.11052335798740387,0.12948930263519287,24.565013885498047,,,,,,,,0.028102342039346695,197651,,,,,,,,,,,,,,,,,0.05853307247161865
,,,78,,,,,,,,,,,,,,,,,,10.0,2000.0,1.5,50.0,100.0,10.0,2.0,,200185,,,,,,,,,,,,,,,,,
,,,78,,,,,,,,,,,,,,,,,,,,,,,,,,200185,,,,,,,,,0.014041513204574585,0.002585391514003277,0.3331664800643921,0.1303519755601883,0.12965504825115204,25.678192138671875,0.026598898693919182,0.05908352509140968,
0.014200340025126934,0.002542097121477127,0.3298434615135193,78,0.3542653024196625,0.3729521632194519,0.5054940581321716,0.6663313508033752,0.30577918887138367,0.3091347813606262,0.5132725834846497,0.9784398674964905,0.02095402404665947,0.08230338990688324,-0.3180818557739258,-0.3073519468307495,-0.020542971789836884,-0.018558606505393982,0.11250486224889755,0.12930333614349365,24.670574188232422,,,,,,,,0.027754221111536026,200185,,,,,,,,,,,,,,,,,0.05824452266097069
,,,79,,,,,,,,,,,,,,,,,,10.0,2000.0,1.5,50.0,100.0,10.0,2.0,,202719,,,,,,,,,,,,,,,,,
,,,79,,,,,,,,,,,,,,,,,,,,,,,,,,202719,,,,,,,,,0.015072771348059177,0.0025815966073423624,0.33082181215286255,0.10257202386856079,0.12945930659770966,24.27762794494629,0.027377454563975334,0.05958293750882149,
0.014055446721613407,0.002534933388233185,0.3287988305091858,79,-0.24611473083496094,-0.23244881629943848,0.18527573347091675,0.2906191349029541,0.05644284561276436,0.05974648520350456,0.07100032269954681,0.9913075566291809,-0.1015278548002243,-0.05618699640035629,0.01735927350819111,0.02491198480129242,-0.0055315010249614716,-0.0035728532820940018,0.1110873892903328,0.12947101891040802,24.610191345214844,,,,,,,,0.028801273554563522,202719,,,,,,,,,,,,,,,,,0.05853443592786789
,,,80,,,,,,,,,,,,,,,,,,10.0,2000.0,1.5,50.0,100.0,10.0,2.0,,205253,,,,,,,,,,,,,,,,,
,,,80,,,,,,,,,,,,,,,,,,,,,,,,,,205253,,,,,,,,,0.014378015883266926,0.0025721031706780195,0.33367639780044556,0.134440079331398,0.12933491170406342,25.8304443359375,0.026853932067751884,0.058958593755960464,
0.013857181183993816,0.0025372246745973825,0.32822638750076294,80,-0.003158319042995572,0.0063112820498645306,0.031765058636665344,0.12017529457807541,0.18455906212329865,0.18708065152168274,0.2371797412633896,0.9961398243904114,0.40622571110725403,0.4371519684791565,0.15878666937351227,0.1632961481809616,0.5113798975944519,0.5125759840011597,0.10961893200874329,0.12930144369602203,24.51801300048828,,,,,,,,0.02841443195939064,205253,,,,,,,,,,,,,,,,,0.05869848281145096
,,,81,,,,,,,,,,,,,,,,,,10.0,2000.0,1.5,50.0,100.0,10.0,2.0,,207787,,,,,,,,,,,,,,,,,
,,,81,,,,,,,,,,,,,,,,,,,,,,,,,,207787,,,,,,,,,0.015132726170122623,0.002611507661640644,0.33350837230682373,0.10193125158548355,0.12869933247566223,24.217557907104492,0.025950582697987556,0.05848599970340729,
0.013965144753456116,0.0025371115189045668,0.3275492489337921,81,0.006490372121334076,0.017366770654916763,0.38338908553123474,0.5326026678085327,-0.053652647882699966,-0.0506749227643013,0.30321136116981506,0.9824625253677368,-0.1053072139620781,-0.06124923378229141,-0.14862725138664246,-0.1421603560447693,0.18392984569072723,0.1855441927909851,0.10809435695409775,0.1292443722486496,24.421316146850586,,,,,,,,0.02703612856566906,207787,,,,,,,,,,,,,,,,,0.05829712003469467
,,,82,,,,,,,,,,,,,,,,,,10.0,2000.0,1.5,50.0,100.0,10.0,2.0,,210321,,,,,,,,,,,,,,,,,
,,,82,,,,,,,,,,,,,,,,,,,,,,,,,,210321,,,,,,,,,0.013642135076224804,0.0025665247812867165,0.3335123658180237,0.1263459324836731,0.12904109060764313,25.371707916259766,0.026369763538241386,0.058429840952157974,
0.013730445876717567,0.0025330970529466867,0.3274291753768921,82,-0.35703641176223755,-0.3440518379211426,-0.13085445761680603,-0.045448608696460724,0.3752920925617218,0.37781190872192383,-0.03712494671344757,0.9949708580970764,0.28691980242729187,0.3210606276988983,0.25298959016799927,0.2589092254638672,0.33015990257263184,0.3320351243019104,0.10713530331850052,0.12910239398479462,24.350202560424805,,,,,,,,0.027244294062256813,210321,,,,,,,,,,,,,,,,,0.05806776136159897
,,,83,,,,,,,,,,,,,,,,,,10.0,2000.0,1.5,50.0,100.0,10.0,2.0,,212855,,,,,,,,,,,,,,,,,
,,,83,,,,,,,,,,,,,,,,,,,,,,,,,,212855,,,,,,,,,0.013640863820910454,0.002621210180222988,0.3370019793510437,0.12022234499454498,0.1284445971250534,25.12847137451172,0.027073120698332787,0.05892309546470642,
0.013510670512914658,0.0025368444621562958,0.32982492446899414,83,-0.03675220534205437,-0.02615508623421192,0.13440267741680145,0.2882489562034607,0.13471117615699768,0.13895279169082642,0.1603516936302185,0.9883099794387817,-0.027202459052205086,0.01920928992331028,0.09390568733215332,0.09993768483400345,0.16849884390830994,0.16976144909858704,0.10837414860725403,0.12905289232730865,24.4212589263916,,,,,,,,0.02782009355723858,212855,,,,,,,,,,,,,,,,,0.05776969715952873
,,,84,,,,,,,,,,,,,,,,,,10.0,2000.0,1.5,50.0,100.0,10.0,2.0,,215389,,,,,,,,,,,,,,,,,
,,,84,,,,,,,,,,,,,,,,,,,,,,,,,,215389,,,,,,,,,0.013093468733131886,0.0025661701802164316,0.3333486020565033,0.11197545379400253,0.12877556681632996,24.609355926513672,0.025192607194185257,0.058900248259305954,
0.01295665092766285,0.0025343461893498898,0.32945388555526733,84,-0.36553430557250977,-0.3533461093902588,0.012769058346748352,0.1905098706483841,0.16201570630073547,0.16733603179454803,-0.012342123314738274,0.9845606088638306,-0.050897806882858276,0.02014274336397648,-0.3945593237876892,-0.38700759410858154,0.19168606400489807,0.19443371891975403,0.10647719353437424,0.12890639901161194,24.298282623291016,,,,,,,,0.027524447068572044,215389,,,,,,,,,,,,,,,,,0.05805995687842369
,,,85,,,,,,,,,,,,,,,,,,10.0,2000.0,1.5,50.0,100.0,10.0,2.0,,217923,,,,,,,,,,,,,,,,,
,,,85,,,,,,,,,,,,,,,,,,,,,,,,,,217923,,,,,,,,,0.013670249842107296,0.0025642625987529755,0.3326648473739624,0.08824209868907928,0.12863950431346893,23.40670394897461,0.024987349286675453,0.05827244743704796,
0.012911777943372726,0.0025284073781222105,0.3283846974372864,85,-0.06362404674291611,-0.05411373823881149,-0.08212347328662872,0.142732173204422,-0.46372514963150024,-0.4601307213306427,-0.16740071773529053,0.9737489223480225,-0.36578795313835144,-0.32547855377197266,0.06897468864917755,0.07722020149230957,-0.44113871455192566,-0.4394513964653015,0.10621118545532227,0.12900660932064056,24.273815155029297,,,,,,,,0.02685021050274372,217923,,,,,,,,,,,,,,,,,0.05776633322238922
,,,86,,,,,,,,,,,,,,,,,,10.0,2000.0,1.5,50.0,100.0,10.0,2.0,,220457,,,,,,,,,,,,,,,,,
,,,86,,,,,,,,,,,,,,,,,,,,,,,,,,220457,,,,,,,,,0.014344128780066967,0.002601481042802334,0.3352857530117035,0.10782629996538162,0.12854062020778656,24.465238571166992,0.025629036128520966,0.05711822211742401,
0.01304038055241108,0.0025284336879849434,0.32916322350502014,86,0.4634353518486023,0.4779854416847229,-0.07184421271085739,0.17428208887577057,-0.033517077565193176,-0.02779221534729004,-0.06763174384832382,0.9653024673461914,-0.07953356206417084,-0.023010479286313057,0.22368188202381134,0.23276348412036896,-0.4984659254550934,-0.4965115487575531,0.1073550134897232,0.1289827674627304,24.33514976501465,,,,,,,,0.02725197561085224,220457,,,,,,,,,,,,,,,,,0.05778726935386658
,,,87,,,,,,,,,,,,,,,,,,10.0,2000.0,1.5,50.0,100.0,10.0,2.0,,222991,,,,,,,,,,,,,,,,,
,,,87,,,,,,,,,,,,,,,,,,,,,,,,,,222991,,,,,,,,,0.01499081589281559,0.0025859493762254715,0.33486318588256836,0.12194553017616272,0.12852385640144348,25.150554656982422,0.026032064110040665,0.05823151394724846,
0.013090201653540134,0.002528454177081585,0.32929080724716187,87,0.2766445279121399,0.29564368724823,0.01948406733572483,0.17403781414031982,0.0601297989487648,0.06663145869970322,0.13403849303722382,0.9839708805084229,0.23377487063407898,0.30126506090164185,-0.03369734808802605,-0.023930873721837997,0.1949162632226944,0.19768503308296204,0.10754232853651047,0.12893328070640564,24.33396339416504,,,,,,,,0.02663327194750309,222991,,,,,,,,,,,,,,,,,0.057724904268980026
,,,88,,,,,,,,,,,,,,,,,,10.0,2000.0,1.5,50.0,100.0,10.0,2.0,,225525,,,,,,,,,,,,,,,,,
,,,88,,,,,,,,,,,,,,,,,,,,,,,,,,225525,,,,,,,,,0.014246796257793903,0.002582705579698086,0.33519983291625977,0.1093655675649643,0.12864583730697632,24.510112762451172,0.024942729622125626,0.05857688561081886,
0.013254409655928612,0.0025295191444456577,0.32769104838371277,88,0.40748104453086853,0.41388601064682007,0.09409290552139282,0.1804245412349701,-0.12537865340709686,-0.12177707254886627,-0.01665029302239418,0.9957852363586426,-0.3929176926612854,-0.35783326625823975,0.5338501334190369,0.5390886664390564,-0.4495767652988434,-0.44814908504486084,0.10664691776037216,0.12894263863563538,24.288284301757812,,,,,,,,0.026268403977155685,225525,,,,,,,,,,,,,,,,,0.05793263390660286
,,,89,,,,,,,,,,,,,,,,,,10.0,2000.0,1.5,50.0,100.0,10.0,2.0,,228059,,,,,,,,,,,,,,,,,
,,,89,,,,,,,,,,,,,,,,,,,,,,,,,,228059,,,,,,,,,0.014762801118195057,0.002598849358037114,0.33568304777145386,0.1471072882413864,0.12899769842624664,26.469078063964844,0.024871444329619408,0.05818483233451843,
0.012998186983168125,0.0025275046937167645,0.32921499013900757,89,-0.13880451023578644,-0.13114213943481445,0.16463527083396912,0.278203547000885,0.374414324760437,0.376472532749176,0.3162901699542999,0.9934486150741577,0.5398116111755371,0.5631060600280762,-0.22314271330833435,-0.21696552634239197,0.7275488376617432,0.728206992149353,0.1071934849023819,0.12903359532356262,24.318227767944336,,,,,,,,0.02609296888113022,228059,,,,,,,,,,,,,,,,,0.05771519988775253
,,,90,,,,,,,,,,,,,,,,,,10.0,2000.0,1.5,50.0,100.0,10.0,2.0,,230593,,,,,,,,,,,,,,,,,
,,,90,,,,,,,,,,,,,,,,,,,,,,,,,,230593,,,,,,,,,0.013505778275430202,0.002573249163106084,0.3326277434825897,0.11891178786754608,0.1289147436618805,24.9856014251709,0.025081634521484375,0.05862044170498848,
0.01326605211943388,0.0025290853809565306,0.32935115694999695,90,0.6622434854507446,0.6793259978294373,0.6008250117301941,0.6773073673248291,-0.7989939451217651,-0.7929487228393555,0.6011986136436462,0.9945083856582642,-0.5873547792434692,-0.5528325438499451,0.7376103401184082,0.7526674866676331,0.6289597153663635,0.6304969191551208,0.10574967414140701,0.1289326548576355,24.243694305419922,,,,,,,,0.026296572759747505,230593,,,,,,,,,,,,,,,,,0.057548582553863525
,,,91,,,,,,,,,,,,,,,,,,10.0,2000.0,1.5,50.0,100.0,10.0,2.0,,233127,,,,,,,,,,,,,,,,,
,,,91,,,,,,,,,,,,,,,,,,,,,,,,,,233127,,,,,,,,,0.01199571043252945,0.002570879878476262,0.3334711492061615,0.12670907378196716,0.12888754904270172,25.341230392456055,0.023669421672821045,0.059197016060352325,
0.013118402101099491,0.0025254758074879646,0.32906657457351685,91,-0.3768344521522522,-0.36754897236824036,0.05488882586359978,0.21412330865859985,0.06462229788303375,0.06899543106555939,0.12149412930011749,0.9876403212547302,0.1394558697938919,0.19919973611831665,-0.08771362900733948,-0.08020477741956711,0.3366984724998474,0.3401135206222534,0.10492072999477386,0.12879303097724915,24.185745239257812,,,,,,,,0.026895219460129738,233127,,,,,,,,,,,,,,,,,0.05786001682281494
,,,92,,,,,,,,,,,,,,,,,,10.0,2000.0,1.5,50.0,100.0,10.0,2.0,,235661,,,,,,,,,,,,,,,,,
,,,92,,,,,,,,,,,,,,,,,,,,,,,,,,235661,,,,,,,,,0.014364229515194893,0.0025999783538281918,0.3367343544960022,0.13001227378845215,0.12871287763118744,25.585344314575195,0.02475511096417904,0.058601949363946915,
0.012787102721631527,0.002534077735617757,0.32866689562797546,92,-0.29461511969566345,-0.2793337404727936,-0.007284633815288544,0.1970960944890976,0.2415224313735962,0.2464335411787033,0.07727889716625214,0.9745150804519653,0.408748596906662,0.4631580412387848,-0.11548028886318207,-0.10507400333881378,0.41453394293785095,0.41656744480133057,0.1040547713637352,0.12870937585830688,24.14192771911621,,,,,,,,0.026379849761724472,235661,,,,,,,,,,,,,,,,,0.057719726115465164
,,,93,,,,,,,,,,,,,,,,,,10.0,2000.0,1.5,50.0,100.0,10.0,2.0,,238195,,,,,,,,,,,,,,,,,
,,,93,,,,,,,,,,,,,,,,,,,,,,,,,,238195,,,,,,,,,0.014576579444110394,0.002580538857728243,0.3331127464771271,0.09835948795080185,0.12850740551948547,23.930030822753906,0.023885417729616165,0.05798482522368431,
0.012855417095124722,0.002533036982640624,0.32873308658599854,93,-0.17628584802150726,-0.16865888237953186,0.07191786170005798,0.1617385745048523,-0.41586166620254517,-0.413507878780365,-0.10829286277294159,0.995415210723877,-0.45688512921333313,-0.43053001165390015,0.21621736884117126,0.2217077910900116,-0.36917123198509216,-0.3679324686527252,0.10415463894605637,0.12875394523143768,24.14808464050293,,,,,,,,0.026181457564234734,238195,,,,,,,,,,,,,,,,,0.05769369378685951
,,,94,,,,,,,,,,,,,,,,,,10.0,2000.0,1.5,50.0,100.0,10.0,2.0,,240729,,,,,,,,,,,,,,,,,
,,,94,,,,,,,,,,,,,,,,,,,,,,,,,,240729,,,,,,,,,0.014453274197876453,0.002561599016189575,0.3344424068927765,0.10342874377965927,0.12858998775482178,24.164398193359375,0.024829749017953873,0.05813397467136383,
0.012884113006293774,0.0025412901304662228,0.3291271924972534,94,0.4409429132938385,0.4507919251918793,0.3834938108921051,0.5275450944900513,0.04335345700383186,0.048478059470653534,0.37635621428489685,0.9840213060379028,-0.08129388839006424,-0.02002565935254097,0.4710494875907898,0.48065945506095886,0.038765862584114075,0.04103155434131622,0.10269615799188614,0.1287621110677719,24.103878021240234,,,,,,,,0.027248015627264977,240729,,,,,,,,,,,,,,,,,0.057624317705631256
,,,95,,,,,,,,,,,,,,,,,,10.0,2000.0,1.5,50.0,100.0,10.0,2.0,,243263,,,,,,,,,,,,,,,,,
,,,95,,,,,,,,,,,,,,,,,,,,,,,,,,243263,,,,,,,,,0.013324959203600883,0.0025764259044080973,0.33183979988098145,0.11587396264076233,0.12839339673519135,24.79328727722168,0.026010654866695404,0.05813700333237648,
0.012594358064234257,0.00252977735362947,0.3284146785736084,95,-0.08106819540262222,-0.06825295090675354,-0.08418766409158707,0.397095263004303,0.08475562930107117,0.0903085321187973,-0.06111358106136322,0.8734584450721741,0.22613874077796936,0.29190438985824585,0.07182354480028152,0.08584034442901611,0.3430870771408081,0.3461942672729492,0.10150545090436935,0.12863115966320038,24.00149154663086,,,,,,,,0.02700362354516983,243263,,,,,,,,,,,,,,,,,0.057469725608825684
,,,96,,,,,,,,,,,,,,,,,,10.0,2000.0,1.5,50.0,100.0,10.0,2.0,,245797,,,,,,,,,,,,,,,,,
,,,96,,,,,,,,,,,,,,,,,,,,,,,,,,245797,,,,,,,,,0.014268651604652405,0.002592675155028701,0.3313831686973572,0.12324120849370956,0.12858693301677704,25.215980529785156,0.025432290509343147,0.05790688842535019,
0.01266373973339796,0.0025193432811647654,0.32842689752578735,96,0.2890622317790985,0.2957322895526886,0.6199383735656738,0.7425331473350525,0.16682538390159607,0.17015331983566284,0.6485735177993774,0.985551655292511,0.26817870140075684,0.29928356409072876,-0.13405267894268036,-0.12649603188037872,0.30589064955711365,0.30725789070129395,0.10122048854827881,0.1286182403564453,23.96190643310547,,,,,,,,0.02664039097726345,245797,,,,,,,,,,,,,,,,,0.0573432594537735
,,,97,,,,,,,,,,,,,,,,,,10.0,2000.0,1.5,50.0,100.0,10.0,2.0,,248331,,,,,,,,,,,,,,,,,
,,,97,,,,,,,,,,,,,,,,,,,,,,,,,,248331,,,,,,,,,0.014771033078432083,0.002626133384183049,0.3358455002307892,0.12186044454574585,0.12878242135047913,25.240890502929688,0.024991368874907494,0.05798116698861122,
0.012813495472073555,0.0025259118992835283,0.3287505805492401,97,0.40716812014579773,0.4174397885799408,0.14787186682224274,0.38768380880355835,0.020555034279823303,0.02379578724503517,0.16033872961997986,0.967006504535675,0.013836361467838287,0.06289969384670258,-0.02323446236550808,0.0013234252110123634,-0.14782361686229706,-0.144907146692276,0.1015978530049324,0.1285475641489029,23.989070892333984,,,,,,,,0.026645123958587646,248331,,,,,,,,,,,,,,,,,0.05744307115674019
,,,98,,,,,,,,,,,,,,,,,,10.0,2000.0,1.5,50.0,100.0,10.0,2.0,,250865,,,,,,,,,,,,,,,,,
,,,98,,,,,,,,,,,,,,,,,,,,,,,,,,250865,,,,,,,,,0.01464365515857935,0.002573445439338684,0.33837825059890747,0.1353626400232315,0.12845180928707123,25.78053855895996,0.02513115108013153,0.057507868856191635,
0.012612986378371716,0.0025309196207672358,0.32926103472709656,98,0.1818362921476364,0.19164380431175232,-0.2105604112148285,0.10287010669708252,0.22611919045448303,0.23058679699897766,-0.1597989946603775,0.9478628635406494,0.3625870943069458,0.40185701847076416,-0.20307505130767822,-0.1954776793718338,0.23221513628959656,0.23369809985160828,0.10187739133834839,0.1284332126379013,23.998594284057617,,,,,,,,0.026516368612647057,250865,,,,,,,,,,,,,,,,,0.05719088390469551
,,,99,,,,,,,,,,,,,,,,,,10.0,2000.0,1.5,50.0,100.0,10.0,2.0,,253399,,,,,,,,,,,,,,,,,
,,,99,,,,,,,,,,,,,,,,,,,,,,,,,,253399,,,,,,,,,0.013886163011193275,0.0025837202556431293,0.3350665867328644,0.11152400821447372,0.12832215428352356,24.58466911315918,0.025200514122843742,0.057673510164022446,
0.012495415285229683,0.0025298772379755974,0.3291929066181183,99,-0.2929232716560364,-0.27509012818336487,0.2547827959060669,0.37304070591926575,-0.14873892068862915,-0.1428353488445282,0.12333101034164429,0.9891240000724792,-0.10683423280715942,-0.044808268547058105,0.04913771152496338,0.06256350129842758,0.013322342187166214,0.015898877754807472,0.10113033652305603,0.12832602858543396,23.946321487426758,,,,,,,,0.026429567486047745,253399,,,,,,,,,,,,,,,,,0.057206492871046066
,,,100,,,,,,,,,,,,,,,,,,10.0,2000.0,1.5,50.0,100.0,10.0,2.0,,255933,,,,,,,,,,,,,,,,,
,,,100,,,,,,,,,,,,,,,,,,,,,,,,,,255933,,,,,,,,,0.014873413369059563,0.002575643127784133,0.3385016918182373,0.10956519097089767,0.12825000286102295,24.48153305053711,0.025731056928634644,0.056591521948575974,
0.01253910455852747,0.0025230697356164455,0.3301367163658142,100,-0.07361675798892975,-0.06568287312984467,0.0672135055065155,0.30874618887901306,0.08858892321586609,0.09209247678518295,0.0426507443189621,0.967838704586029,-0.08054739981889725,-0.03943982720375061,0.04253891110420227,0.04746977984905243,-0.15848660469055176,-0.15702778100967407,0.1016644835472107,0.12847256660461426,23.9774169921875,,,,,,,,0.02663297764956951,255933,,,,,,,,,,,,,,,,,0.05694914981722832
,,,101,,,,,,,,,,,,,,,,,,10.0,2000.0,1.5,50.0,100.0,10.0,2.0,,258467,,,,,,,,,,,,,,,,,
,,,101,,,,,,,,,,,,,,,,,,,,,,,,,,258467,,,,,,,,,0.012181718833744526,0.0025822725147008896,0.333116352558136,0.0978742390871048,0.12816326320171356,23.847951889038086,0.023737825453281403,0.05725303292274475,
0.011978685855865479,0.0025238292291760445,0.3291235864162445,101,0.31265029311180115,0.32077348232269287,-0.13195167481899261,-0.019517216831445694,0.0248488150537014,0.029712818562984467,-0.16636419296264648,0.9934533834457397,-0.26676565408706665,-0.22540315985679626,0.43877464532852173,0.445773720741272,-0.481774240732193,-0.480562686920166,0.1007879450917244,0.1284363716840744,23.93441390991211,,,,,,,,0.027532285079360008,258467,,,,,,,,,,,,,,,,,0.057457711547613144
,,,102,,,,,,,,,,,,,,,,,,10.0,2000.0,1.5,50.0,100.0,10.0,2.0,,261001,,,,,,,,,,,,,,,,,
,,,102,,,,,,,,,,,,,,,,,,,,,,,,,,261001,,,,,,,,,0.013642416335642338,0.002573044504970312,0.3304516673088074,0.10847381502389908,0.12848646938800812,24.390470504760742,0.022555744275450706,0.05719078332185745,
0.012355606071650982,0.0025237426161766052,0.3284289240837097,102,-0.09511534869670868,-0.08663176745176315,0.11498870700597763,0.21847468614578247,-0.021828077733516693,-0.01787109114229679,0.036088380962610245,0.9927462339401245,-0.16683833301067352,-0.11900854110717773,0.2543920874595642,0.2621597349643707,0.07435526698827744,0.07618512958288193,0.10063798725605011,0.12839075922966003,23.90581703186035,,,,,,,,0.025661008432507515,261001,,,,,,,,,,,,,,,,,0.057279571890830994
,,,103,,,,,,,,,,,,,,,,,,10.0,2000.0,1.5,50.0,100.0,10.0,2.0,,263535,,,,,,,,,,,,,,,,,
,,,103,,,,,,,,,,,,,,,,,,,,,,,,,,263535,,,,,,,,,0.014827115461230278,0.0025638153310865164,0.33725959062576294,0.09226323664188385,0.1281372308731079,23.57952880859375,0.025498252362012863,0.05793330818414688,
0.012495472095906734,0.0025287705939263105,0.32929742336273193,103,-0.10815256834030151,-0.09497083723545074,-0.06485521048307419,0.058929841965436935,-0.41489022970199585,-0.41111817955970764,-0.21968451142311096,0.988681435585022,-0.29315048456192017,-0.24048137664794922,-0.031015625223517418,-0.0225948765873909,-0.5635282397270203,-0.5621976852416992,0.10157739371061325,0.12834885716438293,23.964588165283203,,,,,,,,0.025995731353759766,263535,,,,,,,,,,,,,,,,,0.05723787844181061
,,,104,,,,,,,,,,,,,,,,,,10.0,2000.0,1.5,50.0,100.0,10.0,2.0,,266069,,,,,,,,,,,,,,,,,
,,,104,,,,,,,,,,,,,,,,,,,,,,,,,,266069,,,,,,,,,0.01284757163375616,0.002576057333499193,0.33476343750953674,0.11383537948131561,0.12832759320735931,24.687355041503906,0.026446526870131493,0.05781922861933708,
0.012317794375121593,0.002524689771234989,0.3307410478591919,104,-0.08636626601219177,-0.06725504249334335,-0.20659832656383514,0.16046950221061707,0.11265083402395248,0.12027532607316971,-0.18814486265182495,0.9151967763900757,0.2972329556941986,0.37842264771461487,-0.15379686653614044,-0.14263059198856354,0.0941588282585144,0.09739810228347778,0.09983543306589127,0.12831556797027588,23.87194061279297,,,,,,,,0.026589391753077507,266069,,,,,,,,,,,,,,,,,0.057029400020837784
,,,105,,,,,,,,,,,,,,,,,,10.0,2000.0,1.5,50.0,100.0,10.0,2.0,,268603,,,,,,,,,,,,,,,,,
,,,105,,,,,,,,,,,,,,,,,,,,,,,,,,268603,,,,,,,,,0.013469463214278221,0.0025683094281703234,0.3390285074710846,0.1016998142004013,0.1281869113445282,24.03130531311035,0.023212991654872894,0.057811982929706573,
0.012286797165870667,0.0025307440664619207,0.3295435309410095,105,0.39227616786956787,0.40127331018447876,0.2760584056377411,0.4223404824733734,-0.04579628258943558,-0.04170649126172066,0.17676593363285065,0.9847766757011414,-0.24550321698188782,-0.19297470152378082,-0.000912930816411972,0.005481310188770294,-0.37482190132141113,-0.3729853332042694,0.0988512933254242,0.12825067341327667,23.825223922729492,,,,,,,,0.026472624391317368,268603,,,,,,,,,,,,,,,,,0.05710402503609657
,,,106,,,,,,,,,,,,,,,,,,10.0,2000.0,1.5,50.0,100.0,10.0,2.0,,271137,,,,,,,,,,,,,,,,,
,,,106,,,,,,,,,,,,,,,,,,,,,,,,,,271137,,,,,,,,,0.01255846954882145,0.0025762221775949,0.3318905830383301,0.12362166494131088,0.12849190831184387,25.171539306640625,0.02491183578968048,0.058141253888607025,
0.012338392436504364,0.0025247870944440365,0.32951483130455017,106,-0.47614601254463196,-0.4674896001815796,-0.05374316871166229,0.06241177022457123,0.22704117000102997,0.23110279440879822,0.01488866750150919,0.9924846887588501,0.2894498109817505,0.33126020431518555,-0.2176368236541748,-0.20780733227729797,0.37421131134033203,0.3757442533969879,0.10010037571191788,0.12834562361240387,23.88127899169922,,,,,,,,0.02595333382487297,271137,,,,,,,,,,,,,,,,,0.05746264383196831
,,,107,,,,,,,,,,,,,,,,,,10.0,2000.0,1.5,50.0,100.0,10.0,2.0,,273671,,,,,,,,,,,,,,,,,
,,,107,,,,,,,,,,,,,,,,,,,,,,,,,,273671,,,,,,,,,0.013612346723675728,0.002591161523014307,0.3306191861629486,0.12139838188886642,0.12843428552150726,25.0919132232666,0.0247560553252697,0.05831839516758919,
0.012703049927949905,0.002525107702240348,0.3289931118488312,107,0.35393691062927246,0.3639034032821655,0.4243451952934265,0.521223247051239,0.18598368763923645,0.19009149074554443,0.4563770294189453,0.9931596517562866,0.07335013151168823,0.11151625216007233,-0.044038765132427216,-0.036338791251182556,0.370460569858551,0.3722853660583496,0.09755119681358337,0.12830470502376556,23.758060455322266,,,,,,,,0.026540396735072136,273671,,,,,,,,,,,,,,,,,0.056949011981487274
,,,108,,,,,,,,,,,,,,,,,,10.0,2000.0,1.5,50.0,100.0,10.0,2.0,,276205,,,,,,,,,,,,,,,,,
,,,108,,,,,,,,,,,,,,,,,,,,,,,,,,276205,,,,,,,,,0.01330510526895523,0.0025698458775877953,0.3431031107902527,0.14387021958827972,0.1277751624584198,26.11452293395996,0.02431643009185791,0.056477803736925125,
0.012215244583785534,0.0025264036376029253,0.329069584608078,108,-0.11235625296831131,-0.10007812827825546,0.38229045271873474,0.4988316297531128,0.4328973591327667,0.4356798529624939,0.46850013732910156,0.9903172254562378,0.5673572421073914,0.5910634398460388,0.034651972353458405,0.04360513761639595,0.5527412295341492,0.5537017583847046,0.09726286679506302,0.12806814908981323,23.716846466064453,,,,,,,,0.026428915560245514,276205,,,,,,,,,,,,,,,,,0.0570102259516716
,,,109,,,,,,,,,,,,,,,,,,10.0,2000.0,1.5,50.0,100.0,10.0,2.0,,278739,,,,,,,,,,,,,,,,,
,,,109,,,,,,,,,,,,,,,,,,,,,,,,,,278739,,,,,,,,,0.013838905841112137,0.00255423691123724,0.3347030282020569,0.11778222769498825,0.12821952998638153,24.825923919677734,0.025180649012327194,0.057071153074502945,
0.012571890838444233,0.002536395099014044,0.3291321396827698,109,-0.09932394325733185,-0.08337458223104477,-0.03122653439640999,0.2739837169647217,0.21329453587532043,0.21863386034965515,0.001923353411257267,0.9432653188705444,0.26275718212127686,0.33360663056373596,0.02325814589858055,0.04420538246631622,0.4908739924430847,0.4925535321235657,0.09788903594017029,0.12817364931106567,23.779191970825195,,,,,,,,0.026167558506131172,278739,,,,,,,,,,,,,,,,,0.05676037445664406
,,,110,,,,,,,,,,,,,,,,,,10.0,2000.0,1.5,50.0,100.0,10.0,2.0,,281273,,,,,,,,,,,,,,,,,
,,,110,,,,,,,,,,,,,,,,,,,,,,,,,,281273,,,,,,,,,0.013758614659309387,0.002592687727883458,0.33242955803871155,0.11599046736955643,0.12814003229141235,24.792884826660156,0.024210449308156967,0.05781269818544388,
0.01287105493247509,0.002530768746510148,0.3283140957355499,110,0.4367568790912628,0.44354677200317383,-0.05672980844974518,0.08624795079231262,0.08838364481925964,0.09206641465425491,0.03067455068230629,0.989992618560791,0.09943093359470367,0.14751219749450684,0.0902123972773552,0.09717872738838196,-0.0360814668238163,-0.03434086591005325,0.09642744809389114,0.12805983424186707,23.688310623168945,,,,,,,,0.026368416845798492,281273,,,,,,,,,,,,,,,,,0.05728437751531601
,,,111,,,,,,,,,,,,,,,,,,10.0,2000.0,1.5,50.0,100.0,10.0,2.0,,283807,,,,,,,,,,,,,,,,,
,,,111,,,,,,,,,,,,,,,,,,,,,,,,,,283807,,,,,,,,,0.015106135979294777,0.0025873074773699045,0.33280515670776367,0.11234817653894424,0.12800396978855133,24.60428237915039,0.02471652440726757,0.05721360072493553,
0.012277604080736637,0.002532203681766987,0.3292965292930603,111,0.12367114424705505,0.13821327686309814,-0.03826391324400902,0.125980406999588,0.1168074980378151,0.12146781384944916,-0.09044566750526428,0.9838643074035645,-0.1791403740644455,-0.13432955741882324,-0.10641615837812424,-0.0996009036898613,-0.2087729424238205,-0.20705175399780273,0.09782325476408005,0.12813249230384827,23.75999641418457,,,,,,,,0.02608410082757473,283807,,,,,,,,,,,,,,,,,0.056800488382577896
,,,112,,,,,,,,,,,,,,,,,,10.0,2000.0,1.5,50.0,100.0,10.0,2.0,,286341,,,,,,,,,,,,,,,,,
,,,112,,,,,,,,,,,,,,,,,,,,,,,,,,286341,,,,,,,,,0.012173856608569622,0.0025745646562427282,0.33621281385421753,0.10732061415910721,0.1280018389225006,24.290037155151367,0.023576801642775536,0.056429412215948105,
0.01234350260347128,0.0025408563669770956,0.3308713436126709,112,-0.0051276832818984985,0.014930520206689835,0.06609517335891724,0.29593878984451294,0.006832635495811701,0.012237997725605965,0.073069266974926,0.9724761843681335,-0.07049530744552612,0.004991397261619568,0.10338680446147919,0.11385345458984375,0.04957002401351929,0.05236796289682388,0.09749256819486618,0.12805764377117157,23.75279998779297,,,,,,,,0.025776972994208336,286341,,,,,,,,,,,,,,,,,0.05657739192247391
,,,113,,,,,,,,,,,,,,,,,,10.0,2000.0,1.5,50.0,100.0,10.0,2.0,,288875,,,,,,,,,,,,,,,,,
,,,113,,,,,,,,,,,,,,,,,,,,,,,,,,288875,,,,,,,,,0.012249412015080452,0.0025591508019715548,0.3311518430709839,0.10913193970918655,0.12841369211673737,24.398115158081055,0.02427557110786438,0.059931542724370956,
0.011830871924757957,0.0025292844511568546,0.32937541604042053,113,-0.30836543440818787,-0.2861022353172302,-0.46561479568481445,-0.22159618139266968,-0.05509697645902634,-0.049882665276527405,-0.4992642104625702,0.9640575051307678,0.0439114049077034,0.10772449523210526,-0.419476717710495,-0.39445626735687256,-0.0868193656206131,-0.08421771973371506,0.09590238332748413,0.12800948321819305,23.636178970336914,,,,,,,,0.02557954378426075,288875,,,,,,,,,,,,,,,,,0.05669387802481651
,,,114,,,,,,,,,,,,,,,,,,10.0,2000.0,1.5,50.0,100.0,10.0,2.0,,291409,,,,,,,,,,,,,,,,,
,,,114,,,,,,,,,,,,,,,,,,,,,,,,,,291409,,,,,,,,,0.013629571534693241,0.002580177504569292,0.3356516361236572,0.11011490225791931,0.12757134437561035,24.42902946472168,0.025253230705857277,0.05673816427588463,
0.012384080328047276,0.0025254201609641314,0.32965248823165894,114,0.016089363023638725,0.04636387154459953,-0.05875343084335327,0.14838802814483643,-0.08777950704097748,-0.07666287571191788,-0.1360970139503479,0.9736378192901611,-0.18861430883407593,-0.09210880845785141,-0.0498032420873642,-0.03455545753240585,-0.022624704986810684,-0.019015364348888397,0.09631092101335526,0.12797513604164124,23.653104782104492,,,,,,,,0.025745226070284843,291409,,,,,,,,,,,,,,,,,0.05670523643493652
,,,115,,,,,,,,,,,,,,,,,,10.0,2000.0,1.5,50.0,100.0,10.0,2.0,,293943,,,,,,,,,,,,,,,,,
,,,115,,,,,,,,,,,,,,,,,,,,,,,,,,293943,,,,,,,,,0.01338200829923153,0.0025752440560609102,0.33421507477760315,0.10330188274383545,0.12818551063537598,24.136520385742188,0.02541201002895832,0.056561049073934555,
0.012374978512525558,0.0025274716317653656,0.3309532403945923,115,0.009801145642995834,0.025916030630469322,-0.057725608348846436,0.2709624767303467,-0.16878455877304077,-0.16451555490493774,-0.11859115958213806,0.9395908713340759,-0.2535841166973114,-0.19211408495903015,0.2786709666252136,0.29034823179244995,-0.13043878972530365,-0.12711386382579803,0.09720030426979065,0.12790705263614655,23.704387664794922,,,,,,,,0.026490475982427597,293943,,,,,,,,,,,,,,,,,0.0568072609603405
,,,116,,,,,,,,,,,,,,,,,,10.0,2000.0,1.5,50.0,100.0,10.0,2.0,,296477,,,,,,,,,,,,,,,,,
,,,116,,,,,,,,,,,,,,,,,,,,,,,,,,296477,,,,,,,,,0.012612711638212204,0.0025705534499138594,0.3357788920402527,0.09416665881872177,0.12789811193943024,23.624738693237305,0.024277212098240852,0.056461021304130554,
0.011521771550178528,0.0025189025327563286,0.3290885388851166,116,0.028998704627156258,0.03523968160152435,-0.07804109156131744,0.30522066354751587,-0.18711479008197784,-0.1842034012079239,-0.09520472586154938,0.9272751808166504,-0.3615897297859192,-0.33910080790519714,-0.10108354687690735,-0.09019310772418976,0.3180077075958252,0.3202969431877136,0.09545960277318954,0.12782272696495056,23.577558517456055,,,,,,,,0.026183616369962692,296477,,,,,,,,,,,,,,,,,0.05690404400229454
,,,117,,,,,,,,,,,,,,,,,,10.0,2000.0,1.5,50.0,100.0,10.0,2.0,,299011,,,,,,,,,,,,,,,,,
,,,117,,,,,,,,,,,,,,,,,,,,,,,,,,299011,,,,,,,,,0.011930746957659721,0.002574017969891429,0.33655136823654175,0.12506996095180511,0.12794871628284454,25.167030334472656,0.0231330543756485,0.05757135897874832,
0.011695869266986847,0.00252909935079515,0.33051055669784546,117,0.38654226064682007,0.3922807574272156,-0.06426916271448135,0.07930953800678253,0.7516329884529114,0.7551507949829102,0.2662086486816406,0.9912886023521423,0.5701065063476562,0.6093814373016357,-0.3710414171218872,-0.3649533987045288,-0.16045784950256348,-0.1587563157081604,0.09665606915950775,0.1278945505619049,23.664871215820312,,,,,,,,0.025810353457927704,299011,,,,,,,,,,,,,,,,,0.05680273845791817
